lib_name,total_population,total_male,total_female,under_5_years,over_18_years,over_65_years,white,black,native,asian,islander,other_race,more_one_race,latino,housing_units_dp5,num_households_dp2,pop_in_households,pop_in_households_child,pop_enrolled,college_graduates,tot_pop_birth_native,tot_pop_birth_foreign,speaks_english_only,speaks_english_less_very_well,comp_tot_households,comp_tot_households_pc,comp_tot_households_internet,work_from_home,hh_social_security,hh_foodstamps_snap,occupied_units,occupied_units_owner,occupied_units_no_vehicle,rent_burdened_unit_mortgage,rent_burdened_unit_no_mortgage,median_age,perc_hh_w_children,avg_household_size,avg_family_size,unemployment_rate,median_hh_income_d,average_hh_income_d,per_capita_income_d,perc_fam_bellow_poverty,perc_ppl_bellow_poverty,median_owner_cost_unit_mortgage_d,median_owner_cost_unit_no_mortgage_d,occupied_median_rent_d,share_men,share_women
Albany Park,43167.0,21080.0,22087.0,2794.0,34259.0,5743.0,22114.0,1654.0,192.0,8458.0,0.0,5572.0,5177.0,14468.0,16693.0,15111.0,41090.0,11845.0,11306.0,12794.0,26688.0,16479.0,17265.0,11935.0,15111.0,14254.0,12822.0,2770.0,3246.0,2100.0,15111.0,6299.0,3091.0,1387.0,367.0,36.08888888888889,29.477777777777778,2.7655555555555558,3.413333333333333,5.766666666666667,67559.44444444444,87467.0,32094.11111111111,10.833333333333334,13.944444444444445,2449.4444444444443,890.7777777777778,1141.4444444444443,0.48833599740542544,0.5116640025945746
Altgeld,7934.0,2967.0,4967.0,862.0,4911.0,425.0,169.0,7597.0,0.0,0.0,0.0,29.0,139.0,214.0,3204.0,2905.0,7898.0,3787.0,2758.0,260.0,7880.0,54.0,6909.0,17.0,2905.0,2668.0,2450.0,27.0,287.0,1867.0,2905.0,255.0,1269.0,93.0,27.0,24.95,48.900000000000006,2.7199999999999998,3.545,25.55,20471.0,31342.5,12614.5,48.0,50.6,1130.0,495.5,444.0,0.3739601714141669,0.6260398285858331
Archer Heights,35456.0,18529.0,16927.0,2397.0,26920.0,5317.0,18271.0,1650.0,667.0,1540.0,42.0,8290.0,4996.0,26311.0,11885.0,11199.0,35182.0,12219.0,8394.0,3711.0,22775.0,12681.0,8158.0,11328.0,11199.0,9221.0,8603.0,430.0,4120.0,1671.0,11199.0,8090.0,1860.0,1140.0,710.0,37.75833333333333,34.25,3.108333333333333,4.0175,12.441666666666668,56770.36363636364,75362.33333333333,25240.916666666668,8.108333333333333,9.566666666666666,1622.4166666666667,572.5833333333334,992.0909090909091,0.522591380866426,0.477408619133574
Austin,41086.0,19227.0,21859.0,2582.0,31322.0,6705.0,2789.0,34619.0,9.0,248.0,7.0,2001.0,1413.0,3992.0,17936.0,15662.0,40216.0,12294.0,9326.0,3377.0,39015.0,2071.0,34858.0,1565.0,15662.0,12994.0,11317.0,580.0,5092.0,6075.0,15662.0,5276.0,6034.0,1117.0,449.0,40.06,28.810000000000002,2.581,3.5479999999999996,16.740000000000002,34663.333333333336,50944.5,20812.4,23.509999999999998,27.35,1648.5555555555557,659.7,1010.5,0.4679696246896753,0.5320303753103247
Austin-Irving,26178.0,12854.0,13324.0,1399.0,21339.0,4589.0,17378.0,497.0,336.0,2072.0,0.0,4138.0,1757.0,9328.0,10178.0,9552.0,25947.0,7641.0,5708.0,5696.0,17216.0,8962.0,11355.0,5181.0,9552.0,8765.0,7998.0,813.0,2979.0,733.0,9552.0,7129.0,754.0,1215.0,446.0,43.471428571428575,28.085714285714285,2.7028571428571433,3.281428571428571,4.814285714285715,81022.42857142857,93236.42857142857,35354.857142857145,4.728571428571429,8.285714285714286,2039.7142857142858,731.0,1198.3333333333333,0.49102299640919855,0.5089770035908014
Avalon,33156.0,14728.0,18428.0,1652.0,26802.0,6568.0,758.0,31393.0,0.0,126.0,26.0,265.0,588.0,294.0,17430.0,14737.0,33114.0,9118.0,7059.0,6993.0,32015.0,1141.0,29773.0,575.0,14737.0,12693.0,11699.0,1295.0,4725.0,3947.0,14737.0,7503.0,3580.0,1002.0,474.0,44.67,23.77,2.229,3.2,11.809999999999999,51710.9,63044.5,29552.7,14.3,18.54,1569.3,581.8,964.1,0.4442031608155387,0.5557968391844613
Back of the Yards,29302.0,15507.0,13795.0,2107.0,20889.0,2811.0,9357.0,2974.0,298.0,566.0,99.0,12562.0,3446.0,24685.0,10212.0,9003.0,29119.0,11435.0,8604.0,1285.0,18500.0,10802.0,5471.0,11987.0,9003.0,7851.0,7016.0,711.0,1780.0,2877.0,9003.0,3107.0,2017.0,728.0,208.0,31.811111111111114,45.544444444444444,3.285555555555556,4.024444444444445,17.066666666666666,36856.77777777778,49642.333333333336,16094.333333333334,28.755555555555556,31.188888888888886,1641.888888888889,594.4444444444445,870.8888888888889,0.5292130230018429,0.47078697699815714
Beverly,13213.0,6094.0,7119.0,843.0,10280.0,2565.0,7784.0,4231.0,14.0,149.0,14.0,298.0,723.0,1048.0,5150.0,4891.0,13189.0,3888.0,2946.0,5644.0,12610.0,603.0,11452.0,99.0,4891.0,4765.0,4628.0,654.0,1504.0,227.0,4891.0,4407.0,190.0,413.0,242.0,45.175,29.75,2.735,3.205,8.675,118991.25,158002.25,58368.0,5.275,7.375,2291.25,863.5,1233.0,0.46121244229168246,0.5387875577083175
Bezazian,47949.0,25227.0,22722.0,1699.0,43055.0,7194.0,31661.0,6190.0,107.0,5547.0,0.0,1633.0,2811.0,6472.0,29541.0,27086.0,46750.0,6075.0,7191.0,24863.0,37500.0,10449.0,32964.0,5172.0,27086.0,25639.0,23230.0,6016.0,4971.0,2960.0,27086.0,9947.0,10031.0,1110.0,778.0,40.708333333333336,10.799999999999999,1.76,2.6816666666666666,5.533333333333332,71703.0,97931.66666666667,55265.75,8.566666666666666,14.366666666666667,2232.9166666666665,1020.3333333333334,1294.3333333333333,0.5261215040981042,0.4738784959018958
Blackstone,49615.0,22243.0,27372.0,2356.0,41782.0,8007.0,17756.0,22962.0,235.0,4933.0,7.0,756.0,2966.0,2646.0,28644.0,25870.0,48212.0,9588.0,15912.0,23452.0,42281.0,7334.0,37849.0,2566.0,25870.0,24241.0,22342.0,4799.0,5749.0,3701.0,25870.0,9039.0,9683.0,1226.0,569.0,35.11052631578948,18.568421052631578,1.9494736842105262,2.9210526315789473,10.036842105263156,58429.84210526316,104093.36842105263,51993.36842105263,13.163157894736841,24.826315789473682,2490.9473684210525,1089.8666666666666,1211.157894736842,0.4483120024186234,0.5516879975813767
Brainerd,24261.0,10359.0,13902.0,1544.0,18916.0,4290.0,459.0,22728.0,47.0,81.0,0.0,663.0,283.0,1155.0,10117.0,8626.0,24230.0,8282.0,5394.0,2800.0,23373.0,888.0,21525.0,443.0,8626.0,7454.0,6663.0,674.0,3077.0,2812.0,8626.0,4729.0,1887.0,1020.0,231.0,40.05,29.8375,2.81875,3.5987500000000003,20.85,47573.75,60798.25,23243.75,14.4,19.575,1512.5,571.625,998.25,0.42698157536787434,0.5730184246321256
Brighton Park,33426.0,16845.0,16581.0,2486.0,24002.0,3350.0,13994.0,295.0,553.0,3101.0,36.0,10902.0,4545.0,27023.0,10962.0,10004.0,33416.0,12806.0,9607.0,2713.0,20171.0,13255.0,5457.0,12255.0,10004.0,8786.0,7965.0,587.0,2835.0,2374.0,10004.0,5053.0,1465.0,1309.0,312.0,31.45,44.6,3.3337499999999998,3.8325,7.925,48717.25,60625.875,19032.875,17.3375,18.9,1571.125,627.875,954.125,0.5039490217196194,0.49605097828038053
Bucktown-Wicker Park,51354.0,26085.0,25269.0,3483.0,43740.0,2965.0,40304.0,2994.0,69.0,2982.0,69.0,1732.0,3204.0,8563.0,25741.0,23488.0,51097.0,8852.0,7780.0,30586.0,45382.0,5972.0,38945.0,2924.0,23488.0,22481.0,21810.0,7667.0,2320.0,1216.0,23488.0,9918.0,4437.0,1463.0,346.0,32.300000000000004,18.589473684210525,2.1757894736842105,2.9031578947368417,2.621052631578947,130115.47368421052,177904.15789473685,82518.42105263157,5.078947368421052,7.978947368421053,3261.842105263158,1153.3333333333333,1901.157894736842,0.5079448533707209,0.4920551466292791
Budlong Woods,46602.0,22556.0,24046.0,3404.0,35599.0,5215.0,26062.0,2864.0,753.0,9215.0,14.0,3680.0,4014.0,11613.0,17510.0,16348.0,45955.0,13977.0,11179.0,14708.0,29713.0,16889.0,19120.0,11183.0,16348.0,15577.0,14069.0,2486.0,3096.0,2747.0,16348.0,6809.0,2551.0,875.0,559.0,37.9375,33.0125,2.76875,3.44,6.862500000000001,72255.5,95402.5,37499.875,10.0125,12.7875,2332.75,909.875,1324.125,0.4840135616497146,0.5159864383502853
Canaryville,8801.0,4546.0,4255.0,554.0,6815.0,1500.0,4257.0,2134.0,10.0,659.0,0.0,878.0,863.0,2122.0,4184.0,3468.0,8787.0,2745.0,1825.0,1289.0,7699.0,1102.0,6180.0,948.0,3468.0,2996.0,2844.0,171.0,1277.0,974.0,3468.0,1600.0,935.0,151.0,78.0,42.35,29.775,2.4225,3.2175,16.425,52518.5,65129.25,26092.5,20.1,24.475,1648.3333333333333,663.5,942.0,0.5165322122486081,0.4834677877513919
Chicago Bee,8338.0,3946.0,4392.0,466.0,6961.0,1502.0,2497.0,3920.0,87.0,1407.0,0.0,155.0,272.0,761.0,3250.0,3005.0,6176.0,1630.0,3056.0,1498.0,6743.0,1595.0,5830.0,1002.0,3005.0,2603.0,2482.0,296.0,874.0,1215.0,3005.0,782.0,1431.0,201.0,70.0,31.72,23.02,2.2,3.2880000000000003,18.44,42955.5,64771.0,23400.2,31.880000000000003,42.160000000000004,2192.0,832.5,982.4,0.47325497721276083,0.5267450227872391
Chicago Lawn,43155.0,20940.0,22215.0,3643.0,31828.0,5866.0,13497.0,13310.0,297.0,294.0,0.0,10236.0,5521.0,27992.0,15630.0,13913.0,43029.0,15216.0,11194.0,2315.0,31336.0,11819.0,15372.0,10460.0,13913.0,11229.0,10375.0,699.0,4717.0,4204.0,13913.0,6160.0,3471.0,1873.0,183.0,32.099999999999994,39.24444444444444,3.0766666666666667,3.8844444444444446,17.833333333333332,39708.11111111111,52504.555555555555,17965.666666666668,20.955555555555556,22.22222222222222,1539.4444444444443,656.7777777777778,938.3333333333334,0.48522766770941955,0.5147723322905805
Chinatown,19147.0,8782.0,10365.0,1216.0,15481.0,3543.0,5166.0,3471.0,79.0,9662.0,0.0,317.0,452.0,1323.0,8651.0,8100.0,19132.0,4790.0,3895.0,6049.0,11525.0,7622.0,8511.0,5993.0,8100.0,6985.0,6454.0,860.0,2426.0,2004.0,8100.0,3559.0,2906.0,616.0,410.0,39.471428571428575,24.142857142857142,2.3428571428571425,3.064285714285714,7.814285714285714,64227.28571428572,85392.14285714286,39250.57142857143,17.114285714285714,20.900000000000002,2702.5,921.8333333333334,967.6666666666666,0.45866193137306105,0.5413380686269389
Clearing,19379.0,9956.0,9423.0,1338.0,14498.0,2054.0,12188.0,470.0,393.0,132.0,0.0,2891.0,3305.0,10604.0,7273.0,6959.0,19368.0,6974.0,5080.0,3074.0,15557.0,3822.0,8636.0,3510.0,6959.0,6241.0,6043.0,556.0,1592.0,934.0,6959.0,4824.0,608.0,686.0,281.0,36.675,36.05,2.765,3.5975,7.6,68731.25,84039.0,31444.75,4.85,5.775,1731.75,631.25,1073.75,0.513751999587182,0.486248000412818
Coleman,30897.0,14512.0,16385.0,1532.0,24272.0,3186.0,3585.0,24964.0,64.0,1130.0,0.0,418.0,736.0,764.0,16240.0,12697.0,28243.0,9259.0,10433.0,4968.0,29076.0,1821.0,26180.0,1297.0,12697.0,11258.0,10205.0,1022.0,3306.0,5165.0,12697.0,2586.0,5187.0,659.0,236.0,32.65714285714286,28.042857142857144,2.294285714285714,3.3921428571428573,19.964285714285715,37696.71428571428,60803.642857142855,19992.571428571428,25.642857142857142,32.871428571428574,1875.4615384615386,706.8571428571429,1091.5,0.46968961387837005,0.53031038612163
"Daley, Richard J.",34427.0,17477.0,16950.0,1586.0,27984.0,5077.0,15252.0,833.0,298.0,13520.0,0.0,2687.0,1837.0,7863.0,14359.0,13390.0,34385.0,8605.0,8028.0,9652.0,22818.0,11609.0,15149.0,9069.0,13390.0,12524.0,12099.0,1895.0,3186.0,1453.0,13390.0,6707.0,2311.0,1186.0,647.0,37.760000000000005,26.21,2.588,3.368,6.45,68326.5,86092.3,34128.3,12.48,14.719999999999999,2305.7,762.8,1169.3,0.5076538763180062,0.49234612368199376
"Daley, Richard M.",31599.0,14674.0,16925.0,1783.0,24491.0,3394.0,7788.0,18140.0,101.0,114.0,0.0,3646.0,1810.0,8339.0,13743.0,12105.0,31331.0,9791.0,7984.0,6103.0,28774.0,2825.0,23131.0,2753.0,12105.0,10823.0,9475.0,1412.0,2990.0,4140.0,12105.0,3815.0,4078.0,751.0,328.0,33.86,28.45,2.633,3.54,12.540000000000001,48832.375,64380.2,27111.4,30.580000000000002,33.239999999999995,2081.4,718.375,1123.0,0.46438178423367826,0.5356182157663217
Douglass,24470.0,10543.0,13927.0,1561.0,17471.0,2455.0,1464.0,20871.0,11.0,196.0,0.0,977.0,951.0,1961.0,10854.0,8587.0,23100.0,8744.0,6925.0,2616.0,23587.0,883.0,21462.0,602.0,8587.0,7494.0,6504.0,516.0,2318.0,4041.0,8587.0,2030.0,3369.0,451.0,208.0,32.07692307692308,37.86153846153846,2.7361538461538464,3.6538461538461537,18.6,30761.23076923077,48274.53846153846,17976.615384615383,31.6,38.12307692307692,1788.090909090909,647.6666666666666,1013.5384615384615,0.4308541070698815,0.5691458929301185
Dunning,23988.0,11899.0,12089.0,1040.0,19470.0,4318.0,18158.0,741.0,83.0,1266.0,2.0,2218.0,1520.0,7125.0,9545.0,9187.0,23977.0,6919.0,5122.0,4953.0,16393.0,7595.0,12232.0,4529.0,9187.0,8196.0,7467.0,980.0,3026.0,588.0,9187.0,7503.0,568.0,1389.0,622.0,45.34285714285714,25.057142857142857,2.652857142857143,3.2657142857142856,6.242857142857143,75231.71428571429,91384.28571428571,35993.28571428572,7.228571428571429,10.142857142857142,2011.142857142857,724.2857142857143,1201.4285714285713,0.49603968650992164,0.5039603134900784
Edgebrook,22323.0,10493.0,11830.0,1746.0,16587.0,3782.0,17846.0,147.0,0.0,2777.0,0.0,497.0,1056.0,2808.0,8463.0,8106.0,22291.0,7314.0,5939.0,9148.0,18509.0,3814.0,14693.0,1881.0,8106.0,7736.0,7332.0,1623.0,2402.0,365.0,8106.0,6796.0,260.0,1081.0,425.0,41.425,35.7,2.7575,3.3475,4.075,125570.0,164451.75,59930.5,3.225,4.975,2889.5,997.25,2273.3333333333335,0.4700533082470994,0.5299466917529005
Edgewater,45674.0,23274.0,22400.0,1880.0,40869.0,5974.0,28737.0,6315.0,70.0,5132.0,55.0,1304.0,4061.0,6719.0,25284.0,22249.0,40891.0,6008.0,11408.0,18545.0,34776.0,10898.0,29642.0,5947.0,22249.0,20865.0,18528.0,3911.0,4227.0,2908.0,22249.0,7426.0,9203.0,1299.0,604.0,34.26923076923077,10.507692307692308,1.7923076923076924,2.7776923076923077,6.384615384615385,54718.307692307695,76291.53846153847,39205.769230769234,12.838461538461539,21.26153846153846,2121.3076923076924,923.25,1121.3846153846155,0.5095678066295923,0.49043219337040767
Gage Park,33813.0,17127.0,16686.0,2521.0,24893.0,3900.0,14595.0,3497.0,263.0,198.0,0.0,12029.0,3231.0,29278.0,10686.0,9834.0,33777.0,12496.0,8691.0,2235.0,21249.0,12564.0,6024.0,11468.0,9834.0,8218.0,7400.0,287.0,3319.0,2810.0,9834.0,4997.0,2039.0,1034.0,289.0,31.066666666666666,44.300000000000004,3.466666666666667,4.196666666666666,17.366666666666667,43909.5,57068.333333333336,17162.833333333332,17.650000000000002,16.833333333333332,1554.5,615.3333333333334,883.3333333333334,0.5065211605003993,0.49347883949960075
Galewood-Mont Clare,14040.0,6332.0,7708.0,815.0,11086.0,2787.0,6822.0,2352.0,97.0,370.0,0.0,2980.0,1419.0,6825.0,5778.0,5289.0,14030.0,3644.0,3073.0,3099.0,10870.0,3170.0,7394.0,2710.0,5289.0,4774.0,4449.0,743.0,2130.0,758.0,5289.0,3541.0,712.0,596.0,303.0,41.6,26.15,2.665,3.4299999999999997,6.35,77954.5,89170.0,35356.5,5.1,9.3,2038.0,739.5,1077.5,0.450997150997151,0.549002849002849
Garfield Ridge,26848.0,13436.0,13412.0,1509.0,20506.0,4037.0,19561.0,29.0,150.0,162.0,0.0,3742.0,3204.0,13642.0,10099.0,9649.0,26838.0,8196.0,6337.0,4966.0,20981.0,5867.0,13351.0,4242.0,9649.0,8771.0,8198.0,772.0,2758.0,469.0,9649.0,8319.0,498.0,901.0,524.0,41.02,32.08,2.792,3.354,5.04,93233.0,101268.6,37093.6,3.9800000000000004,5.88,1916.2,649.8,1293.0,0.5004469606674613,0.49955303933253875
Greater Grand Crossing,15116.0,6750.0,8366.0,806.0,10992.0,2076.0,318.0,14374.0,11.0,1.0,1.0,109.0,302.0,275.0,8020.0,6270.0,14996.0,5256.0,4116.0,1923.0,14822.0,294.0,13855.0,179.0,6270.0,5634.0,4550.0,418.0,1731.0,2513.0,6270.0,2328.0,2174.0,582.0,239.0,34.4,32.56666666666667,2.445,3.485,23.333333333333332,35164.833333333336,51938.666666666664,21873.833333333332,32.583333333333336,35.61666666666667,1794.1666666666667,630.2,994.3333333333334,0.4465467054776396,0.5534532945223604
Hall,19417.0,8192.0,11225.0,1527.0,14445.0,2198.0,792.0,17526.0,6.0,130.0,0.0,221.0,742.0,914.0,10345.0,8908.0,19384.0,5822.0,5211.0,4690.0,18762.0,655.0,16494.0,489.0,8908.0,8195.0,7711.0,1017.0,1900.0,3031.0,8908.0,2444.0,2699.0,631.0,142.0,38.27272727272727,27.018181818181816,2.1454545454545455,3.11,17.990909090909092,41618.454545454544,55372.63636363636,26433.18181818182,23.29090909090909,30.89090909090909,2052.3,937.3333333333334,992.8181818181819,0.42189833650924446,0.5781016634907555
Harold Washtington Library Center,33294.0,17326.0,15968.0,980.0,31585.0,2203.0,20353.0,3771.0,106.0,6601.0,17.0,808.0,1638.0,3648.0,18575.0,16033.0,26373.0,2024.0,10717.0,18203.0,26006.0,7288.0,24476.0,2008.0,16033.0,15896.0,14726.0,4048.0,1533.0,508.0,16033.0,5726.0,7389.0,805.0,222.0,28.660000000000004,7.38,1.65,2.362,9.7,120781.4,167877.6,72401.4,2.7800000000000002,12.1,2809.2,1384.0,2185.4,0.520394064996696,0.4796059350033039
Hegewisch,17162.0,8265.0,8897.0,1319.0,12678.0,2449.0,10789.0,919.0,75.0,41.0,0.0,3430.0,1908.0,11444.0,6622.0,6091.0,17147.0,6487.0,4781.0,1646.0,14115.0,3047.0,7467.0,2500.0,6091.0,5604.0,5293.0,509.0,1933.0,956.0,6091.0,4394.0,493.0,455.0,258.0,36.925,36.175,2.95,3.5925000000000002,6.75,68940.0,79649.25,27945.5,8.725,10.725,1316.25,531.0,1211.25,0.4815872275958513,0.5184127724041487
Humboldt Park,23308.0,11752.0,11556.0,1482.0,18834.0,1699.0,13721.0,2279.0,186.0,823.0,36.0,2975.0,3288.0,11785.0,10048.0,9193.0,22904.0,5468.0,5016.0,8090.0,18674.0,4634.0,12116.0,3639.0,9193.0,8476.0,7986.0,1820.0,1392.0,1378.0,9193.0,3454.0,1627.0,821.0,81.0,33.00769230769231,28.83076923076923,2.5653846153846156,3.290769230769231,4.861538461538462,76167.38461538461,101941.61538461539,41781.769230769234,9.515384615384615,13.3,2577.6923076923076,744.7777777777778,1330.4615384615386,0.5042045649562382,0.4957954350437618
Independence,67054.0,33359.0,33695.0,3737.0,53074.0,6058.0,38690.0,2663.0,486.0,4539.0,16.0,10868.0,9792.0,33746.0,28157.0,25496.0,66586.0,18881.0,15849.0,18763.0,47218.0,19836.0,29175.0,14615.0,25496.0,24089.0,21603.0,4603.0,4408.0,3464.0,25496.0,10970.0,4599.0,2339.0,554.0,35.4375,29.575,2.621875,3.361875,6.85,71812.3125,96087.25,37653.4375,11.55625,14.49375,2353.8125,870.25,1231.1875,0.49749455662600295,0.502505443373997
Jefferson Park,39477.0,19605.0,19872.0,2043.0,31900.0,6118.0,27502.0,989.0,68.0,4068.0,57.0,3416.0,3377.0,10178.0,17231.0,15587.0,39425.0,10322.0,8572.0,12770.0,28120.0,11357.0,21394.0,6616.0,15587.0,14347.0,13089.0,2108.0,3883.0,1537.0,15587.0,9442.0,2002.0,1683.0,564.0,40.7125,28.275000000000002,2.52875,3.15375,6.7625,79832.75,99165.875,39993.75,5.825,8.1,2174.5,748.875,1184.375,0.4966182840641386,0.5033817159358613
Jeffery Manor,26403.0,12004.0,14399.0,1350.0,20299.0,4718.0,7471.0,14849.0,170.0,65.0,0.0,2890.0,958.0,10107.0,11097.0,9754.0,26338.0,9197.0,6720.0,4234.0,22982.0,3421.0,16976.0,3073.0,9754.0,8824.0,8509.0,831.0,3172.0,2824.0,9754.0,5980.0,1771.0,981.0,313.0,39.016666666666666,31.166666666666668,2.7516666666666665,3.481666666666667,11.666666666666666,47601.666666666664,61252.166666666664,24260.166666666668,21.316666666666666,25.116666666666664,1317.8333333333333,541.5,975.3333333333334,0.45464530545771314,0.5453546945422869
Kelly,17560.0,8169.0,9391.0,1080.0,12570.0,2609.0,604.0,16181.0,62.0,126.0,0.0,175.0,412.0,653.0,9664.0,7431.0,17037.0,5895.0,4622.0,1104.0,16997.0,563.0,15441.0,316.0,7431.0,6168.0,5346.0,245.0,2269.0,3780.0,7431.0,1176.0,4105.0,170.0,248.0,37.6375,34.0,2.39625,3.5925000000000002,23.6375,22706.428571428572,36688.625,15761.0,41.325,43.5875,1321.4,613.8,811.625,0.46520501138952164,0.5347949886104784
King,21074.0,9627.0,11447.0,972.0,17708.0,4057.0,1662.0,15607.0,105.0,2266.0,0.0,578.0,856.0,944.0,13067.0,11929.0,20901.0,4337.0,5349.0,6898.0,17035.0,4039.0,16015.0,1439.0,11929.0,10712.0,9565.0,1188.0,3812.0,3440.0,11929.0,2517.0,4965.0,614.0,118.0,42.29,17.9,1.8399999999999999,2.882,14.88,38412.555555555555,62256.3,35316.5,19.36,29.45,2122.0,887.5,818.3,0.456818828888678,0.543181171111322
Legler Regional,26816.0,13015.0,13801.0,1913.0,19418.0,3050.0,940.0,25057.0,2.0,34.0,0.0,453.0,330.0,815.0,11952.0,9280.0,26423.0,9805.0,7045.0,1331.0,26497.0,319.0,24007.0,212.0,9280.0,7752.0,6947.0,604.0,2973.0,4976.0,9280.0,2205.0,3773.0,455.0,230.0,34.32142857142857,33.357142857142854,2.8299999999999996,3.710714285714286,21.614285714285717,30731.923076923078,42723.5,16147.714285714286,28.49285714285714,34.34285714285714,1596.1538461538462,729.5,1031.857142857143,0.4853445704057279,0.5146554295942721
Lincoln Belmont,47409.0,24252.0,23157.0,4013.0,37354.0,2737.0,38702.0,1466.0,75.0,2948.0,54.0,926.0,3238.0,5310.0,22023.0,19787.0,47282.0,10932.0,10224.0,27630.0,42937.0,4472.0,37930.0,1077.0,19787.0,19259.0,18834.0,7046.0,1738.0,591.0,19787.0,10431.0,3171.0,1323.0,324.0,32.32,28.880000000000003,2.4045,3.0185,3.8,147420.0,210749.05,88746.6,1.9849999999999999,5.57,3526.95,1328.6,1869.4,0.511548440169588,0.48845155983041194
Lincoln Park,39592.0,20291.0,19301.0,2220.0,32984.0,3105.0,33147.0,1137.0,7.0,2697.0,0.0,978.0,1626.0,2437.0,17289.0,15855.0,36430.0,7170.0,10882.0,22302.0,34502.0,5090.0,32019.0,956.0,15855.0,15334.0,14718.0,4453.0,1929.0,508.0,15855.0,8238.0,3983.0,963.0,279.0,30.163636363636364,22.454545454545453,2.3345454545454545,3.061818181818182,3.6363636363636362,172073.18181818182,244662.63636363635,99267.36363636363,1.7363636363636366,7.918181818181818,3844.2727272727275,1409.4545454545455,1976.0,0.5125025257627803,0.4874974742372196
Little Italy,13180.0,6344.0,6836.0,995.0,10975.0,1227.0,4906.0,3931.0,60.0,3203.0,0.0,421.0,659.0,1153.0,6246.0,5561.0,13141.0,2964.0,5065.0,5356.0,10188.0,2992.0,8399.0,982.0,5561.0,5122.0,4862.0,837.0,829.0,826.0,5561.0,1902.0,1838.0,164.0,295.0,27.82,21.36,2.4059999999999997,3.0100000000000002,8.98,62200.8,95457.6,40230.8,6.540000000000001,27.76,2817.2,1047.8,1509.0,0.4813353566009105,0.5186646433990896
Little Village,44240.0,26980.0,17260.0,2181.0,35048.0,4706.0,14899.0,8705.0,242.0,235.0,0.0,15754.0,4405.0,32135.0,12790.0,11283.0,34424.0,12140.0,9497.0,3443.0,29375.0,14865.0,13820.0,14240.0,11283.0,9787.0,8721.0,793.0,2844.0,2680.0,11283.0,4334.0,2341.0,914.0,544.0,34.945454545454545,37.67272727272727,3.0399999999999996,3.6845454545454546,9.409090909090908,44327.0,54510.36363636364,17262.727272727272,21.599999999999998,27.55454545454546,1689.6,640.8181818181819,939.4545454545455,0.6098553345388789,0.39014466546112114
Logan Square,56463.0,28106.0,28357.0,3119.0,47363.0,4756.0,36515.0,3062.0,390.0,2871.0,18.0,5793.0,7814.0,22297.0,26660.0,24338.0,56138.0,12251.0,10854.0,23272.0,46117.0,10346.0,32938.0,7779.0,24338.0,22826.0,21701.0,6610.0,3644.0,2396.0,24338.0,9073.0,5299.0,1627.0,355.0,32.80555555555556,20.47222222222222,2.3533333333333335,3.163333333333333,4.783333333333333,86834.05555555556,113887.77777777778,50209.333333333336,7.161111111111111,10.261111111111111,2563.6111111111113,919.2777777777778,1465.2222222222222,0.49777730549209215,0.5022226945079078
Lozano,30444.0,14921.0,15523.0,1535.0,24554.0,3486.0,12956.0,2598.0,373.0,1134.0,0.0,8893.0,4490.0,19327.0,13727.0,12229.0,30349.0,8408.0,7795.0,7518.0,20627.0,9817.0,11269.0,7153.0,12229.0,11185.0,10566.0,1429.0,2452.0,2226.0,12229.0,3442.0,3600.0,722.0,234.0,33.4,22.85,2.442,3.344,6.720000000000001,58391.6,72884.9,30799.0,15.309999999999999,16.8,2240.2,800.4444444444445,1078.3,0.4901129943502825,0.5098870056497176
Manning,23841.0,11594.0,12247.0,1328.0,19062.0,2275.0,8951.0,10317.0,40.0,1527.0,0.0,1704.0,1302.0,4127.0,11609.0,9869.0,22220.0,5709.0,6358.0,7622.0,20746.0,3095.0,17179.0,1400.0,9869.0,9018.0,8304.0,1530.0,1912.0,2439.0,9869.0,3616.0,3013.0,602.0,169.0,34.4,26.515384615384615,2.3646153846153846,3.23,9.592307692307692,69182.66666666667,115875.46153846153,46197.769230769234,15.592307692307694,22.976923076923075,2389.153846153846,861.5,1217.8461538461538,0.4863051046516505,0.5136948953483494
Mayfair,19071.0,9427.0,9644.0,1246.0,14861.0,3329.0,11998.0,600.0,154.0,2661.0,0.0,2023.0,1635.0,5038.0,7683.0,7240.0,19009.0,5606.0,4436.0,6582.0,13596.0,5475.0,10255.0,2781.0,7240.0,6868.0,6557.0,1452.0,1950.0,746.0,7240.0,4902.0,556.0,829.0,159.0,42.61666666666667,33.300000000000004,2.5966666666666667,3.171666666666667,4.183333333333334,100274.33333333333,129301.0,50421.833333333336,5.55,7.1499999999999995,2445.1666666666665,933.6666666666666,1244.3333333333333,0.49431073357453725,0.5056892664254627
McKinley Park,22517.0,11256.0,11261.0,918.0,17923.0,2289.0,8440.0,617.0,322.0,5542.0,0.0,5849.0,1747.0,13087.0,8870.0,8254.0,22462.0,6636.0,5712.0,4478.0,14089.0,8428.0,6623.0,7285.0,8254.0,7798.0,7161.0,1122.0,1777.0,1331.0,8254.0,5096.0,1090.0,935.0,338.0,37.800000000000004,29.442857142857143,2.7399999999999998,3.5714285714285716,9.085714285714285,61357.57142857143,76958.71428571429,28746.571428571428,11.657142857142857,13.842857142857143,1817.2857142857142,710.2857142857143,1081.2857142857142,0.4998889727761247,0.5001110272238753
Merlo,64378.0,33548.0,30830.0,2860.0,58741.0,6660.0,52734.0,2756.0,122.0,4609.0,74.0,950.0,3133.0,5205.0,42010.0,38804.0,63890.0,6544.0,10294.0,42350.0,55668.0,8710.0,50588.0,2058.0,38804.0,37875.0,35650.0,8904.0,4850.0,1239.0,38804.0,12464.0,17750.0,1732.0,673.0,32.71578947368421,8.784210526315789,1.6889473684210528,2.6515789473684213,4.5473684210526315,91175.36842105263,130654.21052631579,77437.63157894737,3.6105263157894734,9.394736842105264,2771.6666666666665,1183.0,1656.3157894736842,0.5211096958588337,0.47889030414116623
Mount Greenwood,27729.0,13896.0,13833.0,1688.0,20884.0,4142.0,22844.0,2455.0,11.0,398.0,0.0,555.0,1466.0,3487.0,11109.0,10470.0,27022.0,9440.0,7418.0,6541.0,26446.0,1283.0,23547.0,471.0,10470.0,9306.0,8913.0,749.0,2919.0,506.0,10470.0,8016.0,670.0,740.0,416.0,39.6,32.18333333333333,2.5966666666666667,3.4116666666666666,6.083333333333333,97777.0,110425.33333333333,42652.5,5.5,6.599999999999999,1911.6666666666667,726.3333333333334,1217.3333333333333,0.5011359948068809,0.49886400519311913
Near North,67545.0,32532.0,35013.0,2051.0,61013.0,9013.0,51131.0,5940.0,97.0,6352.0,7.0,1304.0,2714.0,3619.0,44553.0,38975.0,65514.0,7549.0,12398.0,45039.0,59058.0,8487.0,55498.0,1655.0,38975.0,37792.0,35015.0,8920.0,5891.0,2098.0,38975.0,16286.0,15224.0,2160.0,1222.0,35.88666666666666,13.833333333333334,1.8473333333333335,2.670666666666667,3.006666666666667,127840.5,192687.2,105068.8,6.846666666666667,9.786666666666667,3282.733333333333,1333.0,1983.1333333333334,0.48163446591161446,0.5183655340883855
North Austin,35566.0,16874.0,18692.0,2274.0,26264.0,4910.0,7795.0,16206.0,52.0,529.0,23.0,8115.0,2846.0,17717.0,12221.0,10900.0,35555.0,12280.0,9526.0,2859.0,28173.0,7393.0,18076.0,6749.0,10900.0,9570.0,8252.0,509.0,3461.0,2940.0,10900.0,5260.0,1993.0,1425.0,372.0,34.642857142857146,40.48571428571428,3.3785714285714286,3.835714285714286,7.742857142857143,53038.42857142857,74522.42857142857,23548.14285714286,14.5,18.071428571428573,1816.2857142857142,788.0,1113.142857142857,0.47444188269695775,0.5255581173030422
North Pulaski,53906.0,26366.0,27540.0,3474.0,40032.0,5303.0,22301.0,6939.0,297.0,1037.0,18.0,16192.0,7122.0,40007.0,17790.0,16500.0,53827.0,18595.0,14455.0,6940.0,38415.0,15491.0,17146.0,14783.0,16500.0,14892.0,13328.0,1427.0,3946.0,4112.0,16500.0,7366.0,2733.0,2148.0,368.0,34.986666666666665,36.526666666666664,3.2,3.9353333333333333,7.0600000000000005,58146.666666666664,75103.4,25001.0,14.506666666666668,18.073333333333334,2006.4,727.0714285714286,1115.9333333333334,0.48911067413645976,0.5108893258635402
Northtown,50454.0,25773.0,24681.0,4061.0,36772.0,6854.0,25730.0,6866.0,86.0,9564.0,2.0,4116.0,4090.0,10241.0,18817.0,17350.0,49625.0,17548.0,13629.0,15465.0,31261.0,19193.0,22743.0,10945.0,17350.0,16420.0,14979.0,2056.0,4327.0,3009.0,17350.0,8747.0,2699.0,1579.0,606.0,36.43333333333333,36.099999999999994,2.8577777777777778,3.5433333333333334,6.411111111111111,64017.11111111111,89550.11111111111,31431.0,12.255555555555555,16.711111111111112,1969.5555555555557,731.875,1260.888888888889,0.5108217386133904,0.4891782613866096
Oriole Park,39922.0,20394.0,19528.0,2689.0,31682.0,6710.0,31348.0,1076.0,42.0,4105.0,0.0,1015.0,2336.0,5441.0,16767.0,16055.0,39725.0,11556.0,8128.0,12452.0,24748.0,15174.0,18968.0,8135.0,16055.0,14959.0,13978.0,1601.0,3911.0,825.0,16055.0,10402.0,889.0,1455.0,566.0,41.0625,29.6875,2.535,3.0975,5.1875,91656.5,104697.625,42323.375,4.7875,6.825,2022.625,802.0,1260.0,0.5108461499924853,0.48915385000751466
Popular Library at Water Works,48218.0,23372.0,24846.0,1457.0,45580.0,8622.0,34321.0,1811.0,83.0,8829.0,0.0,958.0,2216.0,3241.0,38448.0,31416.0,47801.0,3277.0,6610.0,35732.0,37318.0,10900.0,35529.0,2293.0,31416.0,30808.0,28671.0,5764.0,5173.0,535.0,31416.0,12837.0,15116.0,2270.0,1460.0,41.010000000000005,5.779999999999999,1.533,2.396,2.4,116960.5,185356.0,120739.8,2.84,8.629999999999999,3294.9,1440.0,2101.8,0.4847152515658053,0.5152847484341947
Portage-Cragin,70156.0,34401.0,35755.0,4599.0,52316.0,7757.0,35202.0,2120.0,500.0,2390.0,9.0,20769.0,9166.0,49697.0,23843.0,21878.0,70121.0,23071.0,18297.0,9746.0,44539.0,25617.0,17632.0,21893.0,21878.0,19910.0,17880.0,1940.0,5741.0,3893.0,21878.0,11142.0,2892.0,1919.0,698.0,35.75625,37.725,3.1731249999999998,3.850625,5.05,64952.0,81232.25,27070.8125,9.88125,13.05625,2105.5625,772.75,1118.3125,0.49035007697132105,0.509649923028679
Pullman,22418.0,10581.0,11837.0,1211.0,17555.0,3494.0,1772.0,19345.0,57.0,15.0,0.0,769.0,460.0,1774.0,10774.0,8061.0,22020.0,8247.0,5362.0,3178.0,21524.0,894.0,19572.0,773.0,8061.0,6794.0,5813.0,488.0,2591.0,3114.0,8061.0,3548.0,2550.0,683.0,308.0,37.9875,30.45,2.71875,3.52375,20.15,39167.125,52748.375,21102.75,21.9125,25.8125,1309.625,555.875,1022.0,0.4719867963243822,0.5280132036756178
Roden,41657.0,20129.0,21528.0,2912.0,32376.0,7059.0,33842.0,451.0,130.0,1996.0,0.0,2195.0,3043.0,8082.0,16957.0,16070.0,41182.0,13156.0,9644.0,13474.0,35274.0,6383.0,28255.0,3609.0,16070.0,14459.0,13604.0,1938.0,4397.0,1117.0,16070.0,11948.0,1528.0,1478.0,485.0,40.1875,31.15,2.61,3.2425,3.9375,97604.625,123308.5,48379.75,6.775,7.8,2414.5,868.125,1207.875,0.483208104280193,0.516791895719807
Rogers Park,57365.0,28441.0,28924.0,4059.0,46328.0,5882.0,26231.0,15890.0,283.0,4255.0,7.0,5744.0,4955.0,12532.0,27907.0,25147.0,55090.0,14332.0,13989.0,18409.0,39809.0,17556.0,31968.0,9246.0,25147.0,23754.0,21487.0,3940.0,3917.0,4205.0,25147.0,7603.0,9121.0,1153.0,308.0,36.56666666666667,21.116666666666667,2.2175,3.2066666666666666,5.4750000000000005,52701.083333333336,73019.75,33521.5,14.35,19.541666666666668,1830.0833333333333,772.5,1127.5,0.49579011592434413,0.5042098840756559
Scottsdale,24225.0,12534.0,11691.0,1365.0,17106.0,2497.0,10308.0,3139.0,413.0,234.0,0.0,7127.0,3004.0,17349.0,7447.0,7138.0,24213.0,9928.0,7220.0,2317.0,17926.0,6299.0,8812.0,4743.0,7138.0,6452.0,6011.0,400.0,1877.0,1041.0,7138.0,6130.0,517.0,900.0,365.0,34.7,45.75,3.3675,3.99,9.825,75412.5,84131.5,25654.0,10.1,12.55,1634.25,552.5,1285.25,0.5173993808049535,0.48260061919504643
Sherman Park,14252.0,6704.0,7548.0,864.0,11094.0,2284.0,2031.0,10215.0,71.0,36.0,41.0,1272.0,586.0,3678.0,7663.0,5665.0,14084.0,4205.0,3256.0,1064.0,12594.0,1658.0,10097.0,1555.0,5665.0,4610.0,3985.0,200.0,1838.0,2390.0,5665.0,2009.0,1974.0,339.0,342.0,37.1,32.49090909090909,2.4854545454545454,3.6036363636363635,17.227272727272727,31971.636363636364,44133.27272727273,19071.090909090908,29.463636363636365,31.70909090909091,1451.2,550.5454545454545,888.2727272727273,0.47039012068481617,0.5296098793151839
South Chicago,25707.0,11966.0,13741.0,1596.0,18657.0,3838.0,8665.0,9624.0,253.0,126.0,0.0,4802.0,2237.0,14733.0,11182.0,8945.0,25577.0,9301.0,7361.0,2429.0,20395.0,5312.0,12035.0,4283.0,8945.0,7747.0,7312.0,530.0,2802.0,3046.0,8945.0,4290.0,2687.0,750.0,465.0,36.58888888888889,34.166666666666664,2.9022222222222225,3.7844444444444445,14.166666666666666,40395.22222222222,54343.333333333336,19796.0,19.644444444444446,28.555555555555557,1204.25,540.2222222222222,894.7777777777778,0.4654763294044424,0.5345236705955576
South Shore,52573.0,23646.0,28927.0,3526.0,41427.0,7699.0,2500.0,48252.0,19.0,338.0,0.0,530.0,934.0,1668.0,29571.0,24519.0,51616.0,15079.0,11093.0,9146.0,50391.0,2182.0,45894.0,1294.0,24519.0,21668.0,20070.0,1680.0,5620.0,8987.0,24519.0,6095.0,10128.0,1102.0,427.0,38.55333333333333,23.773333333333333,2.1966666666666668,3.3280000000000003,16.32,37700.4,55612.4,26880.933333333334,26.513333333333332,31.19333333333333,1905.3333333333333,637.2222222222222,976.8,0.4497745991288304,0.5502254008711696
Sulzer Regional Library,49297.0,24094.0,25203.0,3670.0,39118.0,4123.0,37900.0,1237.0,94.0,3324.0,122.0,2607.0,4013.0,7890.0,23771.0,21656.0,49188.0,11875.0,10032.0,26904.0,42679.0,6618.0,36695.0,2740.0,21656.0,20918.0,20056.0,6773.0,2824.0,1030.0,21656.0,10141.0,4352.0,1119.0,389.0,36.35333333333333,25.653333333333332,2.2479999999999998,3.017333333333333,3.8266666666666667,104914.66666666667,151452.13333333333,67677.53333333334,2.486666666666667,5.433333333333334,3065.133333333333,1131.642857142857,1404.4666666666667,0.48875185102541735,0.5112481489745826
Thurgood Marshall,39623.0,18906.0,20717.0,3498.0,29108.0,6563.0,686.0,37052.0,69.0,178.0,0.0,820.0,818.0,1576.0,19174.0,14734.0,39497.0,14134.0,9385.0,3704.0,38591.0,1032.0,34495.0,678.0,14734.0,12523.0,10478.0,1007.0,5342.0,5848.0,14734.0,5725.0,4992.0,962.0,454.0,36.392857142857146,30.942857142857143,2.7671428571428573,3.641428571428571,20.592857142857145,35094.78571428572,49774.92857142857,19308.35714285714,26.678571428571427,29.864285714285717,1404.7142857142858,615.9285714285714,1024.142857142857,0.4771471115261338,0.5228528884738662
Toman,34114.0,17109.0,17005.0,2389.0,25798.0,4924.0,12816.0,5834.0,382.0,92.0,24.0,9842.0,5124.0,26694.0,12765.0,11350.0,33990.0,11823.0,8317.0,2737.0,21966.0,12148.0,8383.0,11363.0,11350.0,9410.0,8417.0,587.0,3951.0,2696.0,11350.0,4686.0,2538.0,952.0,456.0,34.91818181818182,33.845454545454544,2.9963636363636366,3.748181818181818,10.872727272727273,42584.818181818184,57645.72727272727,20442.454545454544,16.972727272727273,19.172727272727272,1555.4545454545455,596.2,947.4545454545455,0.5015243008735416,0.49847569912645834
Uptown,45534.0,23056.0,22478.0,2301.0,39554.0,4925.0,29101.0,7641.0,110.0,4789.0,7.0,1429.0,2457.0,5967.0,26032.0,23744.0,44387.0,7306.0,8286.0,22258.0,34903.0,10631.0,29995.0,4578.0,23744.0,22665.0,20920.0,5842.0,3631.0,3140.0,23744.0,7935.0,9714.0,1025.0,334.0,33.46666666666667,13.891666666666666,1.9608333333333334,2.9233333333333333,3.5749999999999997,78189.0,117379.0,59875.333333333336,12.241666666666667,17.175,2678.75,1085.3636363636363,1327.9166666666667,0.5063469056089954,0.4936530943910045
Vodak-East Side,18377.0,8010.0,10367.0,885.0,14602.0,3064.0,250.0,17848.0,0.0,72.0,0.0,20.0,187.0,229.0,8417.0,7087.0,18202.0,6075.0,4495.0,3122.0,18092.0,285.0,16998.0,177.0,7087.0,6471.0,5707.0,340.0,2295.0,1838.0,7087.0,4170.0,1159.0,640.0,150.0,41.11666666666667,28.599999999999998,2.5966666666666667,3.485,14.066666666666668,52914.833333333336,62026.833333333336,25374.166666666668,12.516666666666666,17.349999999999998,1312.5,505.8333333333333,995.1666666666666,0.4358709256135387,0.5641290743864613
Walker,18415.0,9002.0,9413.0,746.0,14589.0,3406.0,8523.0,8573.0,58.0,191.0,0.0,208.0,862.0,865.0,8086.0,7407.0,18004.0,5814.0,4458.0,6113.0,17767.0,648.0,16558.0,216.0,7407.0,6774.0,6352.0,1197.0,2182.0,731.0,7407.0,5161.0,764.0,749.0,241.0,44.25,26.349999999999998,2.473333333333333,3.231666666666667,7.6000000000000005,90678.66666666667,112703.5,46055.333333333336,5.3999999999999995,6.416666666666667,1996.0,726.1666666666666,1215.1666666666667,0.4888406190605485,0.5111593809394516
West Belmont,46594.0,22482.0,24112.0,2464.0,36383.0,5616.0,27619.0,1790.0,231.0,1512.0,24.0,11072.0,4346.0,25507.0,16527.0,15285.0,46221.0,14525.0,12123.0,6798.0,30303.0,16291.0,15077.0,11993.0,15285.0,13691.0,12438.0,1396.0,3990.0,1572.0,15285.0,10391.0,1130.0,2375.0,563.0,37.81111111111111,35.43333333333333,3.1255555555555556,3.6277777777777778,5.7555555555555555,68999.44444444444,87808.77777777778,29928.333333333332,9.4,10.988888888888889,1971.888888888889,710.4444444444445,1126.3333333333333,0.48250847748637166,0.5174915225136284
West Chicago Avenue,30849.0,14151.0,16698.0,2254.0,22576.0,3941.0,2756.0,23247.0,259.0,267.0,10.0,2234.0,2076.0,6956.0,11183.0,9937.0,30720.0,10711.0,8104.0,2001.0,28295.0,2554.0,23289.0,2388.0,9937.0,8799.0,7883.0,707.0,3085.0,4091.0,9937.0,3793.0,2777.0,1191.0,92.0,35.3375,37.7,3.1174999999999997,3.8025,11.9625,39334.25,52226.5,18097.75,26.9625,26.8,1669.125,638.875,1096.0,0.4587182728775649,0.541281727122435
West Englewood,23939.0,11312.0,12627.0,1188.0,19029.0,5200.0,1359.0,19446.0,327.0,20.0,0.0,1619.0,1168.0,3622.0,11807.0,9419.0,23698.0,7270.0,4695.0,1507.0,22064.0,1875.0,19706.0,1497.0,9419.0,7299.0,6424.0,311.0,4391.0,4201.0,9419.0,4252.0,3272.0,924.0,456.0,42.76,27.313333333333333,2.5540000000000003,3.6346666666666665,23.866666666666667,26518.4,40575.0,17251.466666666667,30.313333333333333,35.1,1312.8461538461538,510.53333333333336,933.8666666666667,0.47253435816032413,0.5274656418396758
West Lawn,38707.0,20308.0,18399.0,2919.0,27449.0,4451.0,19477.0,475.0,586.0,336.0,92.0,12442.0,5299.0,32994.0,11842.0,11340.0,38687.0,15223.0,10641.0,3504.0,26127.0,12580.0,7718.0,11395.0,11340.0,9755.0,9485.0,607.0,3798.0,1881.0,11340.0,7819.0,1451.0,1547.0,306.0,32.72222222222222,42.74444444444444,3.3255555555555554,4.017777777777777,9.833333333333334,55404.88888888889,72353.55555555556,23342.11111111111,10.644444444444444,13.188888888888888,1621.6666666666667,610.1111111111111,1049.7777777777778,0.5246596222905417,0.47534037770945825
West Loop,31065.0,15944.0,15121.0,1682.0,27929.0,1099.0,20524.0,1910.0,0.0,6362.0,0.0,405.0,1864.0,2321.0,19637.0,17969.0,30717.0,3424.0,4373.0,22782.0,25811.0,5254.0,23020.0,1330.0,17969.0,17740.0,16584.0,5013.0,781.0,330.0,17969.0,7477.0,5666.0,1146.0,94.0,32.6,11.68,1.748,2.598,3.34,141424.0,176764.0,102358.2,3.44,6.74,2938.8,1261.5,2286.0,0.5132464187992918,0.4867535812007082
West Pullman,35763.0,16611.0,19152.0,2216.0,26925.0,6031.0,860.0,33231.0,0.0,20.0,0.0,488.0,1164.0,1185.0,14538.0,12265.0,35729.0,11744.0,8687.0,4689.0,34950.0,813.0,32290.0,206.0,12265.0,10891.0,10020.0,912.0,4328.0,3460.0,12265.0,8099.0,2017.0,1464.0,437.0,38.3,30.24,2.888,3.747,17.369999999999997,53623.2,68628.5,25215.5,15.55,19.34,1389.5,584.1,1312.2,0.4644744568408691,0.5355255431591309
West Town,32761.0,16470.0,16291.0,2042.0,29115.0,1798.0,24709.0,2030.0,34.0,2107.0,0.0,1403.0,2478.0,5661.0,16692.0,15417.0,32542.0,4646.0,4598.0,20487.0,29195.0,3566.0,24576.0,1948.0,15417.0,14867.0,14369.0,5100.0,1505.0,780.0,15417.0,6673.0,2993.0,1163.0,210.0,33.1,14.940000000000001,2.116,2.8329999999999997,3.34,125570.3,155634.5,75639.3,4.92,7.640000000000001,3113.6,1328.3,1787.3,0.5027319068404505,0.49726809315954945
"Whitney M. Young, Jr.",41607.0,18232.0,23375.0,2505.0,32196.0,7096.0,341.0,39984.0,0.0,85.0,0.0,189.0,1008.0,607.0,22073.0,18110.0,41495.0,13681.0,9394.0,8065.0,40702.0,905.0,37864.0,209.0,18110.0,15920.0,13484.0,1767.0,5683.0,6352.0,18110.0,7592.0,5775.0,1359.0,520.0,41.15714285714286,27.400000000000002,2.3557142857142854,3.38,15.571428571428571,42865.642857142855,59490.28571428572,26766.64285714286,20.821428571428573,24.521428571428572,1626.923076923077,641.9285714285714,994.9285714285714,0.4381954959502007,0.5618045040497993
Woodson Regional Library,27933.0,12381.0,15552.0,1663.0,21565.0,5195.0,500.0,26848.0,33.0,0.0,0.0,136.0,416.0,122.0,10811.0,9565.0,27707.0,9927.0,6849.0,4832.0,27709.0,224.0,25787.0,67.0,9565.0,8790.0,8057.0,935.0,3601.0,2815.0,9565.0,6578.0,1464.0,1033.0,396.0,41.84444444444445,32.15555555555555,2.923333333333334,3.663333333333333,15.488888888888889,55840.88888888889,67796.33333333333,24733.444444444445,15.211111111111112,16.577777777777776,1430.5555555555557,613.8888888888889,1375.125,0.44323917946514874,0.5567608205348512
Wrightwood-Ashburn,24501.0,11538.0,12963.0,1253.0,19079.0,3566.0,4114.0,16495.0,13.0,221.0,0.0,2816.0,842.0,6298.0,8157.0,7850.0,24006.0,8065.0,6369.0,3604.0,21442.0,3059.0,17135.0,2137.0,7850.0,7482.0,6911.0,855.0,2306.0,1241.0,7850.0,6415.0,661.0,1230.0,163.0,38.5,36.38,3.136,3.7619999999999996,11.58,71965.4,81211.6,27372.4,10.219999999999999,14.5,1606.6,606.8,1501.0,0.470919554303906,0.529080445696094
