,lib_name,total_population,total_male,total_female,under_5_years,over_18_years,over_65_years,white,black,native,asian,islander,other_race,more_one_race,latino,housing_units_dp5,num_households_dp2,pop_in_households,pop_in_households_child,pop_enrolled,college_graduates,tot_pop_birth_native,tot_pop_birth_foreign,speaks_english_only,speaks_english_less_very_well,comp_tot_households,comp_tot_households_pc,comp_tot_households_internet,work_from_home,hh_social_security,hh_foodstamps_snap,occupied_units,occupied_units_owner,occupied_units_no_vehicle,rent_burdened_unit_mortgage,rent_burdened_unit_no_mortgage,median_age,perc_hh_w_children,avg_household_size,avg_family_size,unemployment_rate,median_hh_income_d,average_hh_income_d,per_capita_income_d,perc_fam_bellow_poverty,perc_ppl_bellow_poverty,median_owner_cost_unit_mortgage_d,median_owner_cost_unit_no_mortgage_d,occupied_median_rent_d,share_men,share_women
0,Albany Park,42305,20729,21576,2719,33331,5274,22412,1528,149,7648,0,5659,4909,15185,16496,14934,40524,12019,11322,12631,27277,15028,16801,11058,14934,14075,12511,2688,3236,2146,14934,6115,3181,1353,336,35.6625,29.575,2.73375,3.4299999999999997,5.325,67418.875,90456.625,33513.0,9.85,14.0875,2418.625,887.25,1123.125,0.48998936295946105,0.510010637040539
1,Altgeld,9428,3679,5749,883,6080,721,169,9091,0,0,0,29,139,277,3842,3475,9392,4263,3177,568,9374,54,8256,30,3475,3189,2944,149,432,1920,3475,776,1321,258,48,30.099999999999998,43.666666666666664,2.686666666666667,3.3800000000000003,21.866666666666664,35684.333333333336,43789.0,17576.0,35.233333333333334,36.800000000000004,1244.0,489.0,832.3333333333334,0.3902206194314807,0.6097793805685193
2,Archer Heights,29859,15788,14071,1920,22774,4378,15513,1543,328,1543,42,7415,3475,21897,10009,9435,29593,10419,7191,2762,18755,11104,6468,10094,9435,7871,7317,395,3459,1493,9435,6912,1548,1030,575,37.300000000000004,34.175000000000004,3.0941666666666667,4.0125,12.416666666666666,56629.818181818184,73376.25,24649.083333333332,8.549999999999999,10.049999999999999,1619.5,568.4166666666666,1003.7272727272727,0.5287518001272649,0.4712481998727352
3,Austin,39192,18299,20893,2632,29432,5883,2434,33584,0,241,7,1706,1220,2956,17351,15043,38676,12315,9029,3182,37511,1681,33819,1147,15043,12601,10800,632,4598,6189,15043,4530,6180,1109,441,38.455555555555556,30.788888888888884,2.5744444444444445,3.477777777777778,16.200000000000003,32085.75,47244.333333333336,19588.333333333332,27.311111111111114,30.544444444444448,1740.0,644.7777777777778,985.1111111111111,0.4669065115329659,0.5330934884670341
4,Austin-Irving,31892,15439,16453,1691,25324,5553,21335,610,107,2291,9,4942,2598,11644,12365,11482,31656,9891,7533,6750,21518,10374,14250,6106,11482,10563,9543,922,3732,802,11482,8263,698,1437,537,42.3875,30.6125,2.73875,3.2800000000000002,4.5,81839.625,95220.0,35691.5,4.5625,7.3125,2079.125,721.625,1240.7142857142858,0.48410259626238555,0.5158974037376145
5,Avalon,25596,11318,14278,1184,20485,5209,564,24274,0,124,0,265,369,106,12963,11017,25570,7123,5660,5700,24658,938,22990,529,11017,9567,8913,1016,3812,2613,11017,6263,2364,846,463,44.48571428571428,25.485714285714288,2.2885714285714287,3.1785714285714284,10.542857142857143,56112.57142857143,67681.28571428571,31194.0,12.014285714285714,16.7,1592.4285714285713,608.0,1029.5714285714287,0.44217846538521643,0.5578215346147836
6,Back of the Yards,29809,15473,14336,2522,20839,3113,10976,2734,287,475,54,12114,3169,25330,10708,9298,29535,11456,8655,1611,18658,11151,5512,11311,9298,7881,7102,477,1953,2995,9298,3170,1943,842,269,31.299999999999997,46.72222222222222,3.252222222222222,3.986666666666667,15.633333333333333,36528.444444444445,46600.0,15362.444444444445,30.533333333333335,31.455555555555552,1652.0,564.8888888888889,878.8888888888889,0.5190714213828038,0.4809285786171961
7,Beverly,13213,6094,7119,843,10280,2565,7784,4231,14,149,14,298,723,1048,5150,4891,13189,3888,2946,5644,12610,603,11452,99,4891,4765,4628,654,1504,227,4891,4407,190,413,242,45.175,29.75,2.735,3.205,8.675,118991.25,158002.25,58368.0,5.275,7.375,2291.25,863.5,1233.0,0.46121244229168246,0.5387875577083175
8,Bezazian,36359,19312,17047,1679,31947,4166,23843,4817,98,4044,0,1300,2257,5034,21268,19646,35348,5249,5753,18063,29105,7254,25069,3702,19646,18573,16857,4236,2814,2199,19646,7033,6753,1017,303,37.9,13.7125,1.89625,2.86375,3.3,76893.375,106770.875,54726.625,6.5874999999999995,14.0875,2380.875,1016.75,1333.375,0.5311477213344702,0.46885227866552986
9,Blackstone,45724,20821,24903,1940,38993,7506,17609,19589,118,4907,7,729,2765,2367,26644,24005,44321,8258,14905,22332,38730,6994,34885,2460,24005,22590,20823,4425,5245,3016,24005,8348,8960,1027,569,35.08888888888889,18.0,1.9416666666666669,2.9033333333333333,9.3,60200.22222222222,106387.38888888889,53100.833333333336,11.983333333333333,24.322222222222223,2485.6111111111113,1101.357142857143,1249.6666666666667,0.45536261044528037,0.5446373895547196
10,Brainerd,22031,9431,12600,1217,17505,4081,421,20555,47,81,0,654,273,1036,9210,7852,22000,7323,4961,2492,21169,862,19687,443,7852,6767,6065,657,2898,2468,7852,4387,1665,959,231,41.41428571428571,27.914285714285715,2.81,3.5571428571428574,22.014285714285712,48875.42857142857,62126.0,23850.14285714286,11.985714285714286,16.95714285714286,1499.2857142857142,584.4285714285714,1009.2857142857143,0.42807861649493895,0.571921383505061
11,Brighton Park,31841,15892,15949,2103,23219,3062,11992,399,570,3081,81,10784,4934,25556,10029,9305,31831,12149,9007,2382,19365,12476,5134,12574,9305,8320,7478,545,2604,2254,9305,4751,1534,1126,279,31.442857142857143,45.55714285714286,3.44,3.802857142857143,9.4,49670.28571428572,63644.71428571428,19286.0,15.657142857142857,18.47142857142857,1610.5714285714287,639.0,931.7142857142857,0.4991049276090575,0.5008950723909424
12,Bucktown-Wicker Park,34648,17687,16961,2591,29376,1967,27066,1793,62,2260,0,1104,2363,5104,17255,15964,34439,5994,4994,21159,30789,3859,26596,1644,15964,15424,14925,5580,1539,645,15964,6725,3183,956,256,32.315384615384616,18.553846153846152,2.1476923076923073,2.9130769230769227,2.5384615384615383,136974.3076923077,190778.92307692306,89297.84615384616,3.4846153846153842,6.292307692307692,3463.076923076923,1203.0833333333333,1960.8461538461538,0.510476795197414,0.489523204802586
13,Budlong Woods,41528,20276,21252,3014,32197,5051,25594,2551,447,6755,14,2497,3670,9906,16699,15721,40905,11715,9188,14810,28046,13482,19478,8880,15721,14997,13723,2600,3075,2024,15721,7076,2473,861,531,38.325,30.5375,2.55375,3.2275,6.0375000000000005,79026.125,105109.125,43399.0,8.275,10.799999999999999,2453.625,939.625,1371.125,0.48824889231361973,0.5117511076863803
14,Canaryville,8801,4546,4255,554,6815,1500,4257,2134,10,659,0,878,863,2122,4184,3468,8787,2745,1825,1289,7699,1102,6180,948,3468,2996,2844,171,1277,974,3468,1600,935,151,78,42.35,29.775,2.4225,3.2175,16.425,52518.5,65129.25,26092.5,20.1,24.475,1648.3333333333333,663.5,942.0,0.5165322122486081,0.4834677877513919
15,Chicago Bee,10197,4721,5476,708,8212,1552,2505,5760,87,1407,0,155,283,772,4011,3714,8035,2480,3522,1640,8475,1722,7303,1062,3714,3222,3027,343,1021,1667,3714,782,1894,201,70,31.566666666666666,25.366666666666664,2.27,3.3783333333333334,20.333333333333332,38038.0,59114.666666666664,21589.5,32.63333333333333,42.516666666666666,2192.0,832.5,886.1666666666666,0.4629793076395018,0.5370206923604982
16,Chicago Lawn,38635,18848,19787,3220,28521,5030,11431,12956,262,95,0,8893,4998,24267,14106,12465,38538,13950,9897,2167,28293,10342,14185,9132,12465,10296,9546,642,3997,3954,12465,5480,2955,1662,159,32.075,38.9125,3.07375,3.8475,17.35,40152.375,52772.125,18058.5,20.675,22.1,1539.625,670.375,951.875,0.4878478063931668,0.5121521936068332
17,Chinatown,17288,8007,9281,974,14230,3493,5158,1631,79,9662,0,317,441,1312,7890,7391,17273,3940,3429,5907,9793,7495,7038,5933,7391,6366,5909,813,2279,1552,7391,3559,2443,616,410,40.916666666666664,21.983333333333334,2.2966666666666664,2.936666666666667,4.1499999999999995,71870.5,94485.33333333333,43703.0,13.9,17.0,2702.5,921.8333333333334,1080.2,0.4631536325775104,0.5368463674224896
18,Clearing,22616,11619,10997,1475,16875,2461,13999,494,424,132,0,3907,3660,12987,8347,7978,22605,8095,5952,3497,17949,4667,9803,4214,7978,7150,6992,562,1965,1040,7978,5606,699,873,281,37.18,37.68,2.848,3.592,7.24,68090.8,82377.0,30774.6,4.12,5.38,1702.0,618.2,1120.4,0.5137513264945172,0.48624867350548284
19,Coleman,31904,14761,17143,1670,24926,3334,3616,25795,27,1141,0,505,820,791,16800,13368,29250,9664,10672,5077,30087,1817,26971,1281,13368,11830,10724,1071,3410,5344,13368,2523,5575,641,236,33.78,27.586666666666666,2.2633333333333336,3.312,20.62,36237.0,59498.13333333333,20080.8,28.526666666666664,34.85333333333333,1872.7857142857142,706.8571428571429,1079.8,0.46266925777331996,0.5373307422266801
20,"Daley, Richard J.",31724,15692,16032,1414,25796,4804,14641,833,179,11853,0,2556,1662,7382,13005,12250,31682,7776,7375,8971,21066,10658,14283,8244,12250,11395,11072,1723,2950,1330,12250,6209,1970,955,630,38.166666666666664,26.022222222222222,2.612222222222222,3.361111111111111,6.655555555555555,69250.55555555556,88153.66666666667,34661.555555555555,11.311111111111112,14.333333333333334,2308.222222222222,755.1111111111111,1154.888888888889,0.49464128104904803,0.505358718950952
21,"Daley, Richard M.",34254,16033,18221,1959,26710,3679,9742,18303,101,337,0,3813,1958,9033,15063,13304,33981,10331,8398,7379,30944,3310,24781,3100,13304,11946,10564,1760,3216,4238,13304,4334,4231,893,337,34.06666666666667,27.675,2.56,3.4691666666666667,11.083333333333334,58472.2,73777.58333333333,31803.916666666668,25.916666666666668,28.558333333333334,2222.0,737.2222222222222,1190.1666666666667,0.4680621241314883,0.5319378758685117
22,Douglass,29237,12562,16675,1989,20706,2992,1209,26256,11,182,0,842,737,1691,13004,10317,28056,10558,8184,2425,28449,788,25771,603,10317,8736,7548,572,2928,5284,10317,2226,4170,456,254,31.87142857142857,36.800000000000004,2.71,3.6614285714285715,19.42142857142857,28263.35714285714,43862.0,16662.0,32.23571428571429,39.800000000000004,1729.6666666666667,632.9,1009.5,0.4296610459349455,0.5703389540650545
23,Dunning,27890,13955,13935,1393,22617,4347,21062,1400,83,1458,2,2112,1773,7395,11508,10966,27869,7781,5747,6117,17114,10776,12510,6503,10966,9930,9239,1030,2856,714,10966,7720,655,1548,606,42.91428571428571,26.585714285714285,2.672857142857143,3.2714285714285714,6.442857142857143,73219.85714285714,88121.28571428571,34041.142857142855,7.228571428571429,9.37142857142857,1956.0,707.8571428571429,1214.2857142857142,0.5003585514521334,0.49964144854786663
24,Edgebrook,26088,12610,13478,2002,19437,4194,20172,147,0,3572,0,960,1237,3650,9777,9333,26056,8615,6918,10274,21200,4888,16753,2584,9333,8906,8445,1751,2611,530,9333,7844,369,1244,480,40.8,37.22,2.82,3.3659999999999997,4.8,122983.8,159184.8,57270.0,3.1399999999999997,4.779999999999999,2840.4,953.4,2013.25,0.4833639987733824,0.5166360012266176
25,Edgewater,57876,29385,28491,2192,52149,8951,37134,7548,70,6760,55,1594,4715,8231,33575,29688,52915,7236,12954,25657,43696,14180,37876,7513,29688,27972,24915,5409,6329,3654,29688,10568,12193,1536,1047,37.12352941176471,9.58235294117647,1.7482352941176469,2.701764705882353,7.129411764705883,57341.64705882353,81960.88235294117,44533.705882352944,12.694117647058823,19.605882352941176,2112.176470588235,967.0625,1165.5294117647059,0.5077234086668049,0.4922765913331951
26,Gage Park,43909,21994,21915,3071,32536,5779,17006,7590,489,397,0,13855,4572,34451,14564,13404,43844,15327,11423,2792,29115,14794,11422,13348,13404,10952,9829,395,4995,3765,13404,6927,2977,1498,356,32.2875,42.475,3.31625,4.10375,17.9,42643.625,56118.75,17792.5,19.0125,18.9,1550.375,594.375,903.375,0.5008995877838256,0.49910041221617435
27,Galewood-Mont Clare,19445,8936,10509,1013,14975,3702,8753,2513,138,814,0,4929,2298,11285,7420,6849,19430,5806,4676,3343,14198,5247,8292,4818,6849,6055,5401,868,2660,1047,6849,4376,994,755,353,40.13333333333333,30.266666666666666,2.9299999999999997,3.543333333333333,4.366666666666666,71296.66666666667,84525.66666666667,30683.0,5.8999999999999995,9.066666666666666,1977.3333333333333,763.3333333333334,1113.0,0.45955258421187967,0.5404474157881204
28,Garfield Ridge,26848,13436,13412,1509,20506,4037,19561,29,150,162,0,3742,3204,13642,10099,9649,26838,8196,6337,4966,20981,5867,13351,4242,9649,8771,8198,772,2758,469,9649,8319,498,901,524,41.02,32.08,2.792,3.354,5.04,93233.0,101268.6,37093.6,3.9800000000000004,5.88,1916.2,649.8,1293.0,0.5004469606674613,0.49955303933253875
29,Greater Grand Crossing,12822,5945,6877,563,9310,1324,285,12100,48,22,0,109,258,295,6371,4866,12703,4529,3841,1530,12448,374,11716,246,4866,4402,3811,187,1130,2057,4866,1620,1625,347,61,32.6,34.0,2.6533333333333333,3.705,18.05,37847.166666666664,53709.333333333336,21384.0,26.55,32.300000000000004,1691.0,588.0,1033.8333333333333,0.46365621587895806,0.536343784121042
30,Hall,17069,7086,9983,1324,13057,1972,764,15206,6,130,0,221,742,861,9105,7841,17036,4783,4247,4386,16522,547,14482,381,7841,7182,6735,1000,1730,2634,7841,2290,2234,588,125,39.28,25.05,2.1399999999999997,3.125,18.830000000000002,43697.6,57781.1,27659.1,21.15,29.03,2094.8888888888887,937.3333333333334,989.7,0.4151385552756459,0.5848614447243541
31,Harold Washtington Library Center,49146,25177,23969,1660,46462,3347,31117,3255,107,11312,0,1001,2354,4619,33861,28876,45429,3177,10120,33551,37492,11654,35401,2722,28876,28606,26879,7344,2288,526,28876,10278,13504,1845,400,31.9875,6.175,1.56,2.35375,4.925,124061.25,175188.125,99358.125,2.475,8.325,2795.75,1357.25,2208.625,0.5122899116916941,0.48771008830830587
32,Hegewisch,9243,4579,4664,464,7178,1469,6252,717,10,0,0,1609,655,4830,4234,3793,9228,3089,2601,1032,7859,1384,5376,949,3793,3466,3226,285,1311,689,3793,2518,439,188,181,40.5,27.85,2.465,3.295,10.1,60342.5,71539.0,29192.5,9.95,13.45,1359.0,535.5,1101.5,0.49540192578167264,0.5045980742183274
33,Humboldt Park,30305,15174,15131,1778,24789,1937,18901,3047,132,1055,27,3351,3792,13563,13350,12100,29902,6823,6279,11582,25182,5123,17669,4169,12100,11296,10762,2930,1585,1659,12100,4912,2225,945,131,32.56666666666667,27.7,2.5713333333333335,3.2733333333333334,5.319999999999999,83015.26666666666,111745.4,46075.933333333334,9.813333333333333,13.246666666666666,2574.2,753.75,1414.2,0.5007094538854975,0.4992905461145026
34,Independence,49673,24603,25070,2965,39533,4682,31261,1735,96,3257,94,7693,5537,22072,21183,19355,49293,13592,11282,15737,36281,13392,24399,8828,19355,18396,17005,4248,3299,1980,19355,9498,2905,2090,430,36.15833333333333,29.741666666666664,2.5466666666666664,3.2708333333333335,6.391666666666667,82932.25,109338.25,43364.583333333336,7.233333333333334,9.541666666666666,2469.0833333333335,902.0833333333334,1244.5833333333333,0.49529925714170675,0.5047007428582932
35,Jefferson Park,48414,24049,24365,2616,39226,7747,33354,1275,90,5773,57,4084,3781,11643,21604,19762,48362,12449,10216,15946,32986,15428,24761,8603,19762,18146,16461,2715,5021,1798,19762,11379,2299,1802,767,41.47,25.630000000000003,2.418,3.07,6.35,76480.6,93487.1,39669.1,6.970000000000001,9.93,1980.3,729.6,1181.9,0.49673648118312885,0.5032635188168711
36,Jeffery Manor,27473,12257,15216,1372,20628,4567,8203,14314,209,70,0,2897,1780,11758,11163,9955,27468,10207,7358,4167,23648,3825,16894,2981,9955,8962,8650,952,3067,2858,9955,6375,1650,1176,238,38.25,33.9,2.815,3.4883333333333333,11.816666666666668,45996.166666666664,63192.0,24538.0,20.25,25.766666666666666,1282.5,539.8333333333334,970.8333333333334,0.44614712626942815,0.5538528737305718
37,Kelly,15337,7279,8058,966,10928,2281,533,14374,53,129,0,91,157,669,8512,6808,14795,5249,4213,1303,14624,713,13271,372,6808,5681,5064,145,1826,3284,6808,969,3786,163,155,38.800000000000004,32.77142857142857,2.2085714285714286,3.392857142857143,19.428571428571427,22244.333333333332,36599.142857142855,16794.14285714286,38.528571428571425,41.771428571428565,1560.5,549.5,806.1428571428571,0.47460389906761424,0.5253961009323858
38,King,24965,11049,13916,1388,20497,4558,1809,18980,222,2292,0,605,1057,1223,15067,13794,24792,5667,6356,8018,20586,4379,18979,1545,13794,12363,11084,1562,4316,4125,13794,3208,5688,813,118,41.67272727272727,18.89090909090909,1.8627272727272726,2.9145454545454546,15.645454545454545,37227.6,62305.818181818184,35020.36363636364,20.727272727272727,29.854545454545452,2173.6666666666665,901.3333333333334,791.0,0.44257961145603847,0.5574203885439616
39,Legler Regional,26194,13110,13084,1845,19404,3287,929,24253,11,125,10,499,367,925,11361,9066,25375,9120,6549,1378,25839,355,23472,253,9066,7826,7258,543,2970,4392,9066,2520,3022,633,210,36.03076923076923,32.3,2.8307692307692305,3.673076923076923,22.423076923076923,33605.833333333336,46356.769230769234,17463.76923076923,26.799999999999997,31.376923076923074,1531.0,732.8181818181819,1056.1538461538462,0.5004962968618768,0.49950370313812326
40,Lincoln Belmont,50896,25922,24974,4256,40201,3221,40393,1625,75,3173,45,1835,3750,7364,23443,21257,50763,11798,10797,28904,45476,5420,39427,1718,21257,20594,20025,7463,2203,764,21257,11231,3510,1430,346,32.53809523809524,28.552380952380954,2.400952380952381,3.031904761904762,3.7190476190476187,142363.04761904763,201482.09523809524,85107.42857142857,2.0476190476190474,5.595238095238095,3464.4285714285716,1286.142857142857,1783.904761904762,0.5093131090851933,0.49068689091480666
41,Lincoln Park,33486,16808,16678,1887,27965,2971,28151,1031,7,2378,0,593,1326,2017,14774,13543,30324,5926,9706,18447,29035,4451,27182,803,13543,12981,12345,3610,1818,442,13543,6682,3787,761,227,30.009999999999998,21.380000000000003,2.255,2.972,3.6700000000000004,164173.8,234690.4,95715.2,1.64,8.8,3911.4444444444443,1347.6,1901.7,0.5019411097174938,0.4980588902825061
42,Little Italy,21361,10463,10898,1187,18462,1728,9310,5572,107,4791,17,583,981,2169,8454,7481,16957,3632,9563,7960,16878,4483,13919,1695,7481,6992,6630,1462,1089,893,7481,3203,2294,405,354,26.8,19.32857142857143,2.3528571428571428,3.064285714285714,10.142857142857142,75082.85714285714,116794.57142857143,40303.28571428572,4.914285714285714,24.214285714285715,2768.4285714285716,1075.2857142857142,1567.857142857143,0.48981789242076684,0.5101821075792332
43,Little Village,45785,27727,18058,2230,36145,4876,15121,9879,242,248,0,15821,4474,32278,13369,11709,35787,12796,10060,3641,30850,14935,15192,14283,11709,10166,9022,853,2947,2838,11709,4428,2473,944,544,34.49166666666667,38.50833333333333,3.0533333333333332,3.7091666666666665,9.241666666666667,44187.75,55464.833333333336,17481.333333333332,22.474999999999998,28.65833333333333,1766.2727272727273,640.8181818181819,960.9166666666666,0.6055913508791089,0.39440864912089113
44,Logan Square,76023,37871,38152,4208,63123,6896,47554,4487,532,3284,59,9106,11001,35388,34956,31642,75656,18103,15378,27417,59609,16414,39712,13570,31642,29402,27581,7396,5070,3700,31642,12040,6415,2459,544,33.324,22.596,2.4484,3.2436000000000003,4.412,81648.6,106424.04,45587.16,8.988,12.347999999999999,2514.24,935.64,1403.48,0.4981518750904332,0.5018481249095669
45,Lozano,30444,14921,15523,1535,24554,3486,12956,2598,373,1134,0,8893,4490,19327,13727,12229,30349,8408,7795,7518,20627,9817,11269,7153,12229,11185,10566,1429,2452,2226,12229,3442,3600,722,234,33.4,22.85,2.442,3.344,6.720000000000001,58391.6,72884.9,30799.0,15.309999999999999,16.8,2240.2,800.4444444444445,1078.3,0.4901129943502825,0.5098870056497176
46,Manning,18075,8418,9657,1022,13924,1773,4290,10979,21,850,0,1082,853,2637,9376,7735,17491,5078,4966,4494,16272,1803,14067,650,7735,6914,6180,789,1634,2559,7735,2215,2947,446,108,35.06,28.869999999999997,2.381,3.2950000000000004,12.45,45944.0,90905.5,38156.5,22.720000000000002,30.139999999999997,2117.1,827.25,997.1,0.4657261410788382,0.5342738589211619
47,Mayfair,31361,15640,15721,1732,24538,4692,16431,1417,546,4605,0,4091,4271,11811,12108,11320,30985,9071,7563,9090,20047,11314,13908,7484,11320,10571,9626,1605,2738,1692,11320,6105,1577,1054,277,39.833333333333336,32.333333333333336,2.75,3.256666666666667,5.988888888888889,80720.66666666667,103213.22222222222,39005.0,10.38888888888889,11.744444444444445,2317.8888888888887,861.2222222222222,1211.2222222222222,0.4987085870986257,0.5012914129013744
48,McKinley Park,25220,13041,12179,1090,20111,2562,9051,617,441,7209,0,5980,1922,13568,10224,9394,25165,7465,6365,5159,15841,9379,7489,8110,9394,8927,8188,1294,2013,1454,9394,5594,1431,1166,355,37.3375,29.25,2.69375,3.55375,8.525,61189.125,75781.375,28819.375,13.075,14.3875,1875.5,725.5,1108.5,0.5170896114195084,0.4829103885804917
49,Merlo,76994,40564,36430,3423,69154,6934,63174,3047,43,5426,83,1521,3700,6024,46965,43145,76254,9074,13098,49750,67293,9701,61156,2239,43145,42288,40215,11301,4944,1525,43145,14819,18287,2141,737,32.300000000000004,11.3125,1.8462500000000002,2.75,3.8791666666666664,106355.91666666667,154019.5,83272.41666666667,3.8708333333333336,8.925,2978.5833333333335,1260.625,1766.1666666666667,0.5268462477595657,0.4731537522404343
50,Mount Greenwood,25793,12973,12820,1641,19419,3862,21054,2432,11,384,0,550,1362,3252,10284,9742,25086,8791,6893,5749,24596,1197,21779,468,9742,8600,8212,709,2751,496,9742,7346,662,671,410,38.46,32.2,2.584,3.45,6.82,95787.0,106070.0,41101.2,6.6,7.619999999999999,1884.4,718.2,1256.4,0.5029659209863141,0.4970340790136859
51,Near North,60537,29113,31424,1984,54747,6877,44367,5899,97,6184,7,1309,2674,3670,40102,35135,58758,6529,10976,40298,52318,8219,49149,1651,35135,33999,31309,8368,4622,1947,35135,13454,14511,1984,758,34.221428571428575,13.964285714285714,1.852857142857143,2.66,2.807142857142857,129456.69230769231,191794.57142857142,104618.71428571429,6.714285714285714,9.299999999999999,3256.714285714286,1319.0,2025.0,0.4809124997935147,0.5190875002064853
52,North Austin,32686,15384,17302,2181,24431,4384,6006,18246,11,94,23,6331,1975,13533,11467,10117,32680,10899,8498,2827,27180,5506,19344,4743,10117,8975,7960,418,3190,2816,10117,4956,1886,1360,358,34.9,38.51428571428572,3.3485714285714283,3.8528571428571428,9.285714285714286,53502.42857142857,72467.85714285714,23462.0,16.12857142857143,19.014285714285712,1763.0,755.1428571428571,1099.857142857143,0.4706602215015603,0.5293397784984397
53,North Pulaski,47295,23091,24204,3093,33500,4307,18245,6155,209,1041,5,15289,6351,35826,14691,13689,47225,17243,13929,4740,33205,14090,14125,13044,13689,12362,10945,847,3256,3783,13689,5914,2333,1695,276,35.154545454545456,40.836363636363636,3.3845454545454543,4.116363636363636,7.6,53853.545454545456,69785.27272727272,21729.0,17.563636363636363,21.336363636363636,1899.909090909091,699.4,1066.3636363636363,0.4882334284808119,0.511766571519188
54,Northtown,71717,36088,35629,6020,52280,8568,33339,11447,446,14014,2,6313,6156,15490,26186,24010,70263,24943,19784,19643,43456,28261,30593,16640,24010,22710,20623,2783,5499,4981,24010,10917,4138,1928,786,36.141666666666666,36.608333333333334,2.921666666666667,3.624166666666667,6.2,59995.333333333336,83993.83333333333,29058.416666666668,14.708333333333334,19.358333333333334,1916.6666666666667,708.4545454545455,1241.8333333333333,0.503200078084694,0.496799921915306
55,Oriole Park,23956,11855,12101,1543,18666,4724,20408,141,29,1646,0,480,1252,2093,9434,9133,23916,7548,5221,7762,18373,5583,14737,2573,9133,8518,8124,1011,2833,238,9133,8015,345,1156,336,43.32,31.159999999999997,2.624,3.146,4.880000000000001,106225.4,119990.2,47206.2,2.12,4.36,2360.0,835.4,1312.5,0.4948655869093338,0.5051344130906662
56,Popular Library at Water Works,42002,20314,21688,1164,39353,9161,31308,1455,35,6570,0,733,1901,2462,32180,26620,41613,3283,6644,30462,33329,8673,31632,1768,26620,26064,24139,4491,5394,555,26620,11545,12116,1404,1593,44.8375,6.5125,1.57375,2.42375,2.8125,113622.125,187420.125,118593.375,3.6125,9.675,3437.625,1480.125,2017.375,0.4836436360173325,0.5163563639826675
57,Portage-Cragin,70550,34299,36251,4419,53953,7995,36002,1850,843,2235,24,20823,8773,48915,24478,22475,70451,22258,17750,9949,44330,26220,17318,22028,22475,20352,18322,2112,5788,3646,22475,11715,3059,1957,700,36.49411764705882,35.83529411764706,3.107647058823529,3.837647058823529,5.2823529411764705,63661.64705882353,80714.35294117648,27285.58823529412,10.205882352941176,13.788235294117648,2047.1176470588234,769.3529411764706,1107.9411764705883,0.48616583982990785,0.5138341601700921
58,Pullman,16073,7532,8541,892,12268,2275,689,14621,9,8,0,414,332,1067,8169,5808,15931,6064,4104,1721,15474,599,14024,578,5808,4735,4026,297,1899,2650,5808,2087,2233,406,206,36.483333333333334,31.849999999999998,2.7583333333333333,3.5583333333333336,20.566666666666666,33126.833333333336,48176.0,19091.0,24.46666666666667,28.96666666666667,1354.3333333333333,546.1666666666666,1016.1666666666666,0.46861195794189014,0.5313880420581099
59,Roden,36120,17352,18768,2653,28185,6238,30055,438,108,1344,0,1457,2718,6540,14996,14255,35645,11262,8191,11912,31078,5042,25215,2735,14255,12759,12014,1639,3896,954,14255,10381,1462,1309,445,40.44285714285714,30.142857142857142,2.5471428571428567,3.222857142857143,3.385714285714286,97066.0,125079.71428571429,49929.71428571428,6.671428571428572,7.471428571428571,2446.4285714285716,892.5714285714286,1223.7142857142858,0.48039867109634554,0.5196013289036545
60,Rogers Park,44616,22257,22359,2805,37000,4749,21632,11772,249,2505,7,4818,3633,9734,22915,20564,42942,9982,10334,15956,32147,12469,26128,6179,20564,19482,17595,3491,3038,2992,20564,6059,7917,922,185,36.71,18.82,2.136,3.1559999999999997,5.89,54584.7,75908.6,35822.0,12.1,17.09,1869.2,811.8,1120.3,0.4988569123184508,0.5011430876815492
61,Scottsdale,30340,15421,14919,1600,21664,2823,10185,8441,362,310,0,7903,3139,18495,8833,8564,30330,12157,9188,2816,23248,7092,13049,4874,8564,8002,7414,559,2142,1242,8564,7249,522,1171,319,33.54,47.28,3.554,4.0280000000000005,10.9,73405.4,82894.0,24249.6,9.86,13.7,1609.0,598.0,1404.2,0.5082729070533949,0.49172709294660516
62,Sherman Park,14235,7179,7056,806,11077,2174,1938,10317,45,24,41,1558,312,3637,7149,5505,14110,4349,3410,887,12623,1612,10206,1531,5505,4613,3999,426,1841,2354,5505,1920,1868,330,271,36.39090909090909,32.809090909090905,2.56,3.708181818181818,16.990909090909092,31054.090909090908,45134.454545454544,18999.18181818182,29.527272727272727,32.49090909090909,1444.909090909091,567.4545454545455,856.0,0.5043203371970495,0.49567966280295045
63,South Chicago,36352,17018,19334,2631,26454,5276,12939,13525,279,162,0,6682,2765,19891,15223,12209,36150,13299,10157,3526,29601,6751,17489,6005,12209,10836,10273,764,3755,3657,12209,6359,3192,897,688,36.208333333333336,35.141666666666666,2.9875000000000003,3.796666666666667,12.841666666666667,46917.083333333336,58651.666666666664,20538.833333333332,19.216666666666665,24.991666666666664,1256.909090909091,549.8333333333334,973.5,0.4681448063380282,0.5318551936619719
64,South Shore,48863,22228,26635,3404,38922,7497,1977,45312,19,329,26,464,736,1420,27947,23331,47902,13415,9697,8857,46811,2052,42591,1213,23331,20595,19065,1589,5444,8463,23331,5756,9602,1061,356,39.17142857142857,22.114285714285717,2.1314285714285712,3.297857142857143,15.564285714285715,39499.357142857145,57299.78571428572,28294.428571428572,23.978571428571428,29.67142857142857,1887.9285714285713,619.4444444444445,979.3571428571429,0.45490452898921474,0.5450954710107853
65,Sulzer Regional Library,42231,20894,21337,2945,33770,3372,33357,1153,69,2765,44,1774,3069,5180,20868,19025,42112,9700,8620,24043,37227,5004,32658,1934,19025,18419,17731,6136,2295,800,19025,8320,4296,862,343,36.253846153846155,24.346153846153847,2.1815384615384614,3.0069230769230773,4.061538461538461,100772.0,147410.6923076923,67516.76923076923,2.253846153846154,5.369230769230769,3058.0,1174.8333333333333,1427.3846153846155,0.4947550377684639,0.505244962231536
66,Thurgood Marshall,47139,22046,25093,4062,34231,7635,834,44136,78,178,0,829,1084,1722,23390,17773,46962,16868,11292,4401,46029,1110,41254,716,17773,14974,12574,1063,6327,7362,17773,6619,6268,1120,625,36.394444444444446,32.03333333333333,2.687222222222222,3.6144444444444446,21.272222222222222,33142.055555555555,47167.5,18661.333333333332,28.094444444444445,33.205555555555556,1410.4117647058824,610.9444444444445,988.8888888888889,0.46768068902607185,0.5323193109739282
67,Toman,34114,17109,17005,2389,25798,4924,12816,5834,382,92,24,9842,5124,26694,12765,11350,33990,11823,8317,2737,21966,12148,8383,11363,11350,9410,8417,587,3951,2696,11350,4686,2538,952,456,34.91818181818182,33.845454545454544,2.9963636363636366,3.748181818181818,10.872727272727273,42584.818181818184,57645.72727272727,20442.454545454544,16.972727272727273,19.172727272727272,1555.4545454545455,596.2,947.4545454545455,0.5015243008735416,0.49847569912645834
68,Uptown,43769,21891,21878,2063,38685,5371,27789,7584,189,4514,7,1299,2387,5564,26804,24499,42622,6334,7375,21927,33174,10595,28437,4427,24499,23316,21454,5109,4085,3076,24499,8525,10306,905,480,35.12222222222223,12.322222222222223,1.7966666666666669,2.8033333333333332,4.800000000000001,65302.22222222222,93406.66666666667,53441.555555555555,14.52222222222222,20.644444444444446,2389.5555555555557,964.625,1132.3333333333333,0.5001485069341315,0.4998514930658685
69,Vodak-East Side,17448,7535,9913,734,14164,2900,1200,15594,0,79,0,334,241,696,8348,7056,17273,5658,4257,3390,16936,512,15825,353,7056,6438,5703,447,2114,1696,7056,3946,1211,632,198,41.550000000000004,25.900000000000002,2.4416666666666664,3.3433333333333337,14.333333333333334,53195.666666666664,63377.666666666664,27025.0,11.116666666666667,16.099999999999998,1289.8333333333333,526.1666666666666,980.6666666666666,0.431854653828519,0.5681453461714809
70,Walker,28333,13493,14840,1343,22100,5007,10674,15862,58,225,0,246,1268,1287,11880,10886,27900,9232,7083,8420,27409,924,25508,254,10886,9911,9308,1583,3272,1448,10886,7784,1141,1104,399,43.077777777777776,27.700000000000003,2.591111111111111,3.336666666666667,8.144444444444444,83917.44444444444,105829.22222222222,42084.555555555555,6.655555555555555,8.644444444444444,1876.7777777777778,701.0,1228.3333333333333,0.47622913210743656,0.5237708678925634
71,West Belmont,36063,17527,18536,2153,28236,4151,20933,1715,172,1281,0,8845,3117,20054,12636,11653,35701,10999,8990,5457,23545,12518,11973,9075,11653,10406,9577,1171,2945,1396,11653,8208,877,1959,443,37.17142857142857,35.58571428571429,3.1914285714285713,3.6214285714285714,6.271428571428571,69995.28571428571,89454.71428571429,30060.714285714286,10.714285714285714,11.700000000000001,2014.857142857143,702.7142857142857,1113.0,0.48601059257410645,0.5139894074258936
72,West Chicago Avenue,22663,10229,12434,1571,16773,3290,2792,14918,259,174,0,2310,2210,7543,7756,7059,22606,7507,5938,1496,20029,2634,15368,2609,7059,6079,5476,552,2459,2647,7059,3190,1886,818,38,35.93333333333333,38.699999999999996,3.198333333333333,3.9633333333333334,9.566666666666668,38639.833333333336,54987.833333333336,18712.166666666668,22.816666666666666,22.95,1626.0,676.3333333333334,1121.6666666666667,0.4513524246569298,0.5486475753430702
73,West Englewood,18138,8447,9691,1077,14435,4057,913,15710,136,20,0,969,390,2007,9579,7239,17999,5618,3303,1043,17096,1042,15350,901,7239,5544,4741,320,3395,3310,7239,3098,2815,698,457,43.23846153846154,26.73846153846154,2.5684615384615386,3.6453846153846152,24.715384615384615,25676.46153846154,39487.153846153844,16832.153846153848,32.723076923076924,35.40769230769231,1255.1818181818182,530.6153846153846,965.6923076923077,0.465707354724887,0.534292645275113
74,West Lawn,51263,26730,24533,4068,36841,6446,25504,1197,978,464,92,15144,7884,43187,16373,15451,51228,19515,13563,4849,34516,16747,10531,15056,15451,12999,12527,801,5081,2550,15451,10493,2172,1975,526,33.23636363636364,41.49090909090909,3.27,4.04,10.454545454545455,54695.36363636364,72743.54545454546,23535.727272727272,12.281818181818181,14.263636363636364,1611.909090909091,602.0909090909091,1001.0909090909091,0.5214287107660496,0.4785712892339504
75,West Loop,13095,6896,6199,885,11389,496,9130,846,0,2368,0,209,542,694,7707,7104,12846,1853,1893,9228,11639,1456,10292,580,7104,7002,6351,1936,302,190,7104,3638,1487,635,54,33.15,14.850000000000001,1.82,2.7,5.15,154031.5,190276.5,104174.0,1.3,7.25,3351.0,1152.0,2531.5,0.5266132111492936,0.4733867888507064
76,West Pullman,30756,14550,16206,1829,23447,5384,627,28666,48,0,0,496,919,1115,12495,10292,30488,10072,6988,3794,30071,685,27969,171,10292,9174,8303,490,3755,3001,10292,6642,1747,1209,318,39.075,30.325,2.94625,3.855,18.4375,54319.25,67821.25,24601.875,16.6,19.925,1362.625,598.125,1242.5,0.47307842372220055,0.5269215762777995
77,West Town,46816,23684,23132,2907,41546,2386,34941,2997,60,2818,50,2049,3901,7731,24235,22263,46570,6670,6414,29375,41438,5378,35028,2597,22263,21654,20876,6776,2058,1137,22263,9538,4195,1556,272,33.28666666666667,15.566666666666666,2.106,2.808666666666667,3.3733333333333335,125791.0,155798.2,75364.2,4.326666666666667,7.093333333333334,3071.4,1233.4,1829.6666666666667,0.5058954203691046,0.49410457963089544
78,"Whitney M. Young, Jr.",47000,20592,26408,2902,36700,8107,522,45171,0,64,1,189,1053,663,25667,21143,46903,15204,10324,8987,46167,833,42943,160,21143,18617,15502,2026,6423,7628,21143,8498,6820,1628,633,41.32666666666667,26.12,2.27,3.3826666666666667,16.853333333333335,41708.73333333333,56974.46666666667,26319.466666666667,23.046666666666667,24.833333333333332,1639.9285714285713,637.6,967.9333333333333,0.4381276595744681,0.5618723404255319
79,Woodson Regional Library,33390,14809,18581,2064,25724,6214,576,32020,33,0,0,136,625,320,13229,11543,33164,11729,7989,5465,33051,339,30672,102,11543,10463,9629,1153,4413,3479,11543,7802,1947,1161,396,41.36363636363637,32.18181818181818,2.8963636363636365,3.6772727272727277,16.681818181818183,53896.545454545456,66301.63636363637,24351.727272727272,15.336363636363636,17.59090909090909,1421.8181818181818,595.5454545454545,1273.6,0.4435160227613058,0.5564839772386942
80,Wrightwood-Ashburn,13875,6235,7640,719,11182,2646,1970,10721,0,145,0,740,299,1988,5027,4878,13385,4274,3159,2595,12860,1015,11375,753,4878,4586,4220,629,1635,774,4878,4005,433,736,158,42.1,30.53333333333333,2.8233333333333337,3.5533333333333332,12.433333333333332,73058.33333333333,80684.0,29350.333333333332,8.933333333333334,13.033333333333333,1658.6666666666667,588.3333333333334,1525.6666666666667,0.4493693693693694,0.5506306306306307
