YEAR,BRANCH,MONTH,CIRCULATION,COMPUTER_SESSIONS,VISITORS
2011,Albany Park,78,120059.0,21966.0,117425.0
2011,Altgeld,78,9611.0,31782.0,58657.0
2011,Archer Heights,78,101951.0,25321.0,124653.0
2011,Austin,78,25527.0,33207.0,102306.0
2011,Austin-Irving,78,165634.0,35093.0,145852.0
2011,Avalon,78,71884.0,51771.0,150362.0
2011,Back of the Yards,28,37307.0,14370.0,50848.0
2011,Beverly,78,106619.0,34434.0,118949.0
2011,Bezazian,78,161803.0,30485.0,186933.0
2011,Blackstone,78,128882.0,33797.0,152597.0
2011,Brainerd,78,16657.0,21302.0,65991.0
2011,Brighton Park,78,99091.0,32085.0,103729.0
2011,Bucktown-Wicker Park,78,173396.0,29736.0,159729.0
2011,Budlong Woods,78,160271.0,31343.0,186827.0
2011,Canaryville,78,35681.0,17778.0,57849.0
2011,Chicago Bee,78,16129.0,23980.0,67604.0
2011,Chicago Lawn,78,65939.0,32854.0,105569.0
2011,Chinatown,78,158449.0,50552.0,291717.0
2011,Clearing,78,77943.0,20401.0,109231.0
2011,Coleman,78,33980.0,37968.0,130345.0
2011,"Daley, Richard J. - Bridgeport",78,99302.0,31840.0,116812.0
2011,"Daley, Richard M. - W. Humboldt",57,38300.0,27082.0,82905.0
2011,Douglass,78,24191.0,37606.0,108048.0
2011,Dunning,68,60886.0,13544.0,86439.0
2011,Edgebrook,78,129288.0,14091.0,134395.0
2011,Edgewater,15,60637.0,22886.0,87830.0
2011,Gage Park,78,33978.0,22892.0,68561.0
2011,Garfield Ridge,78,84481.0,19334.0,95686.0
2011,Greater Grand Crossing,68,28758.0,18683.0,56370.0
2011,Hall,78,33396.0,21272.0,87272.0
2011,Harold Washington Library Center,78,966720.0,417217.0,1705926.0
2011,Hegewisch,78,41436.0,11011.0,62097.0
2011,Humboldt Park,78,84825.0,34611.0,131301.0
2011,Independence,78,125886.0,24918.0,103779.0
2011,Jefferson Park,78,123076.0,21491.0,119567.0
2011,Jeffery Manor,78,18319.0,24155.0,83085.0
2011,Kelly,71,14890.0,16527.0,60765.0
2011,King,78,36280.0,33205.0,92526.0
2011,Legler Regional,78,18487.0,38969.0,124801.0
2011,Lincoln Belmont,78,194268.0,31246.0,173315.0
2011,Lincoln Park,78,140877.0,32915.0,163021.0
2011,Little Village,33,42274.0,12780.0,50951.0
2011,Logan Square,78,155741.0,46713.0,185644.0
2011,Lozano,78,75042.0,51052.0,168337.0
2011,Manning,78,44701.0,33554.0,113867.0
2011,Mayfair,78,66018.0,20428.0,73002.0
2011,McKinley Park,78,101381.0,29126.0,128994.0
2011,Merlo,78,127160.0,25644.0,126338.0
2011,Mount Greenwood,78,88689.0,14501.0,99040.0
2011,Near North,78,154238.0,29844.0,165110.0
2011,North Austin,78,32757.0,28846.0,89905.0
2011,North Pulaski,78,59678.0,19443.0,85660.0
2011,Northtown,78,145006.0,31106.0,147054.0
2011,Oriole Park,78,139626.0,17721.0,139799.0
2011,Portage-Cragin,78,118133.0,24273.0,112283.0
2011,Pullman,78,25807.0,22283.0,80816.0
2011,Roden,78,84755.0,10580.0,79663.0
2011,Rogers Park,78,190842.0,57701.0,234153.0
2011,Roosevelt,78,89642.0,26935.0,131354.0
2011,Scottsdale,78,59737.0,19518.0,84639.0
2011,Sherman Park,78,19818.0,32626.0,88441.0
2011,South Chicago,78,54168.0,36599.0,116601.0
2011,South Shore,78,41954.0,24708.0,93087.0
2011,Sulzer Regional,78,619734.0,136371.0,518941.0
2011,Thurgood Marshall,78,39535.0,49477.0,141057.0
2011,Toman,78,135191.0,56273.0,130269.0
2011,Uptown,78,109341.0,34793.0,158641.0
2011,Vodak-East Side,78,72016.0,38229.0,107076.0
2011,Walker,78,47634.0,12840.0,72866.0
2011,West Belmont,78,123909.0,24788.0,128381.0
2011,West Chicago Avenue,78,22091.0,28957.0,46805.0
2011,West Englewood,78,23258.0,35080.0,84904.0
2011,West Lawn,78,94922.0,18190.0,116512.0
2011,West Pullman,78,40144.0,34518.0,71970.0
2011,West Town,78,122088.0,46889.0,146851.0
2011,"Whitney M. Young, Jr.",78,37399.0,44599.0,128395.0
2011,Woodson Regional,78,125056.0,141847.0,393896.0
2011,Wrightwood-Ashburn,78,42257.0,17305.0,89580.0
2012,Albany Park,45,83192.0,15423.0,78485.0
2012,Altgeld,78,10010.0,38040.0,62058.0
2012,Archer Heights,78,97256.0,24264.0,120173.0
2012,Austin,78,26524.0,29031.0,103092.0
2012,Austin-Irving,78,157405.0,25885.0,133964.0
2012,Avalon,78,66885.0,50479.0,129318.0
2012,Beverly,78,90701.0,32771.0,106271.0
2012,Bezazian,78,177856.0,28706.0,185078.0
2012,Blackstone,78,138346.0,32700.0,159881.0
2012,Brainerd,78,14813.0,20366.0,59365.0
2012,Brighton Park,78,82400.0,25338.0,87430.0
2012,Bucktown-Wicker Park,78,165941.0,27052.0,155436.0
2012,Budlong Woods,78,162754.0,29244.0,171706.0
2012,Canaryville,78,38771.0,19066.0,56988.0
2012,Chicago Bee,78,17665.0,20632.0,72446.0
2012,Chicago Lawn,78,65200.0,28845.0,95266.0
2012,Chinatown,78,142558.0,42706.0,255375.0
2012,Clearing,78,69717.0,19900.0,103279.0
2012,Coleman,78,37885.0,37231.0,119382.0
2012,"Daley, Richard J. - Bridgeport",78,97490.0,30120.0,105568.0
2012,"Daley, Richard M. - W. Humboldt",78,72620.0,57215.0,167023.0
2012,Douglass,78,26382.0,34112.0,107064.0
2012,Dunning,78,91703.0,27512.0,136061.0
2012,Edgebrook,78,118511.0,12477.0,111025.0
2012,Gage Park,78,35028.0,18978.0,60462.0
2012,Garfield Ridge,78,81344.0,17691.0,87976.0
2012,Greater Grand Crossing,78,40445.0,34039.0,97102.0
2012,Hall,78,30459.0,18092.0,74350.0
2012,Harold Washington Library Center,78,937649.0,407808.0,1699892.0
2012,Hegewisch,78,38680.0,9300.0,60533.0
2012,Humboldt Park,6,15944.0,5940.0,24562.0
2012,Independence,78,121415.0,24895.0,100325.0
2012,Jefferson Park,78,115937.0,18721.0,111314.0
2012,Jeffery Manor,78,17437.0,22305.0,76182.0
2012,Kelly,78,18651.0,19234.0,59981.0
2012,King,78,40645.0,28415.0,86875.0
2012,Legler Regional,78,21379.0,38601.0,113541.0
2012,Lincoln Belmont,78,194225.0,27401.0,177687.0
2012,Lincoln Park,78,131883.0,29186.0,146111.0
2012,Little Village,78,137397.0,58002.0,162471.0
2012,Logan Square,78,166815.0,42999.0,181891.0
2012,Lozano,78,79020.0,53629.0,175853.0
2012,Manning,78,39005.0,29357.0,95948.0
2012,Mayfair,78,72003.0,17247.0,71208.0
2012,McKinley Park,78,103679.0,26608.0,120318.0
2012,Merlo,78,122224.0,21812.0,126589.0
2012,Mount Greenwood,78,83835.0,14523.0,89772.0
2012,Near North,78,152210.0,28804.0,159358.0
2012,North Austin,78,30266.0,23434.0,81819.0
2012,North Pulaski,78,69427.0,18185.0,85503.0
2012,Northtown,78,145148.0,30841.0,147213.0
2012,Oriole Park,78,119814.0,14588.0,106954.0
2012,Portage-Cragin,78,114825.0,19719.0,101836.0
2012,Pullman,78,25883.0,22424.0,80553.0
2012,Roden,78,83108.0,9455.0,104244.0
2012,Rogers Park,78,196863.0,50141.0,224982.0
2012,Roosevelt,78,85743.0,22347.0,115236.0
2012,Scottsdale,78,54344.0,18672.0,81518.0
2012,Sherman Park,78,20988.0,31332.0,66547.0
2012,South Chicago,78,50846.0,34423.0,110518.0
2012,South Shore,78,51046.0,22534.0,101449.0
2012,Sulzer Regional,78,615032.0,160355.0,554642.0
2012,Thurgood Marshall,78,40525.0,52094.0,151225.0
2012,Toman,78,123962.0,49476.0,104775.0
2012,Uptown,78,104178.0,30640.0,149748.0
2012,Vodak-East Side,78,65363.0,35833.0,101439.0
2012,Walker,78,44724.0,10741.0,64253.0
2012,West Belmont,78,123819.0,20952.0,127718.0
2012,West Chicago Avenue,78,22987.0,29789.0,66244.0
2012,West Englewood,78,25714.0,40993.0,91701.0
2012,West Lawn,78,89173.0,17089.0,108275.0
2012,West Pullman,78,42265.0,31204.0,97058.0
2012,West Town,78,118488.0,44089.0,140847.0
2012,"Whitney M. Young, Jr.",78,40079.0,42141.0,124491.0
2012,Woodson Regional,78,127502.0,168259.0,516044.0
2012,Wrightwood-Ashburn,78,42802.0,16510.0,85520.0
2013,Altgeld,78,9518.0,34407.0,63052.0
2013,Archer Heights,78,93854.0,24018.0,110419.0
2013,Austin,78,22947.0,26039.0,89762.0
2013,Austin-Irving,78,146943.0,23321.0,126397.0
2013,Avalon,78,58715.0,47359.0,124050.0
2013,Back of the Yards,42,20113.0,7491.0,23759.0
2013,Beverly,78,81042.0,32501.0,102975.0
2013,Bezazian,78,156844.0,32890.0,175006.0
2013,Blackstone,78,129742.0,32136.0,139554.0
2013,Brainerd,78,14031.0,21863.0,56516.0
2013,Brighton Park,78,76837.0,25599.0,82572.0
2013,Bucktown-Wicker Park,78,143740.0,26648.0,135970.0
2013,Budlong Woods,78,154085.0,28649.0,173389.0
2013,Canaryville,78,34058.0,18411.0,54427.0
2013,Chicago Bee,78,16617.0,19384.0,57931.0
2013,Chicago Lawn,78,62841.0,28702.0,87997.0
2013,Chinatown,78,123889.0,33152.0,235057.0
2013,Clearing,78,58650.0,16117.0,85359.0
2013,Coleman,78,42099.0,40375.0,108949.0
2013,"Daley, Richard J. - Bridgeport",78,88066.0,24477.0,97447.0
2013,"Daley, Richard M. - W. Humboldt",78,57346.0,70329.0,160754.0
2013,Douglass,78,27561.0,36613.0,117124.0
2013,Dunning,78,82464.0,26303.0,147673.0
2013,Edgebrook,78,111693.0,10615.0,103175.0
2013,Edgewater,63,119873.0,31755.0,125575.0
2013,Gage Park,78,29392.0,16362.0,55339.0
2013,Garfield Ridge,78,75119.0,15948.0,89551.0
2013,Greater Grand Crossing,78,34959.0,30666.0,70560.0
2013,Hall,78,26954.0,21294.0,70308.0
2013,Harold Washington Library Center,78,821749.0,391779.0,1529577.0
2013,Hegewisch,78,36109.0,8880.0,57800.0
2013,Humboldt Park,77,67924.0,35899.0,76747.0
2013,Independence,78,111576.0,22914.0,77028.0
2013,Jefferson Park,78,101269.0,20912.0,109663.0
2013,Jeffery Manor,78,15343.0,22653.0,71388.0
2013,Kelly,78,15927.0,19190.0,62671.0
2013,King,78,39416.0,32106.0,83527.0
2013,Legler Regional,78,19211.0,39630.0,99843.0
2013,Lincoln Belmont,78,175304.0,27313.0,160834.0
2013,Lincoln Park,78,121675.0,29540.0,128190.0
2013,Little Village,78,105316.0,56176.0,155070.0
2013,Logan Square,78,141476.0,36885.0,157496.0
2013,Lozano,78,74556.0,56025.0,177691.0
2013,Manning,78,32941.0,28966.0,98194.0
2013,Mayfair,78,78316.0,18521.0,73445.0
2013,McKinley Park,78,91012.0,23288.0,110391.0
2013,Merlo,78,106150.0,21655.0,105628.0
2013,Mount Greenwood,78,83611.0,12076.0,89365.0
2013,Near North,78,136669.0,28821.0,152057.0
2013,North Austin,78,25542.0,29248.0,69749.0
2013,North Pulaski,78,55332.0,18105.0,72508.0
2013,Northtown,78,135506.0,33628.0,149861.0
2013,Oriole Park,78,101827.0,12828.0,108232.0
2013,Portage-Cragin,78,99876.0,20570.0,93646.0
2013,Pullman,78,23411.0,25847.0,73518.0
2013,Roden,78,75176.0,8899.0,85272.0
2013,Rogers Park,78,155304.0,51962.0,199262.0
2013,Roosevelt,78,78582.0,22036.0,108388.0
2013,Scottsdale,78,45859.0,18607.0,74019.0
2013,Sherman Park,78,18023.0,30542.0,77392.0
2013,South Chicago,78,47291.0,35476.0,106912.0
2013,South Shore,72,38999.0,32282.0,92988.0
2013,Sulzer Regional,78,556898.0,138425.0,538548.0
2013,Thurgood Marshall,78,39252.0,47592.0,123092.0
2013,Toman,78,105097.0,45215.0,94826.0
2013,Uptown,78,94280.0,31218.0,148527.0
2013,Vodak-East Side,78,62382.0,33032.0,93044.0
2013,Walker,78,38898.0,11500.0,61259.0
2013,West Belmont,78,108176.0,20333.0,110832.0
2013,West Chicago Avenue,78,25076.0,34940.0,167398.0
2013,West Englewood,78,22947.0,39894.0,145214.0
2013,West Lawn,78,79704.0,18829.0,99552.0
2013,West Pullman,78,35415.0,34440.0,87157.0
2013,West Town,78,106199.0,43686.0,141413.0
2013,"Whitney M. Young, Jr.",78,36869.0,44268.0,107966.0
2013,Woodson Regional,78,106316.0,158952.0,411538.0
2013,Wrightwood-Ashburn,78,38359.0,17848.0,75981.0
2014,Albany Park,42,50260.0,9546.0,53058.0
2014,Altgeld,78,8509.0,31304.0,61270.0
2014,Archer Heights,78,85217.0,24949.0,107148.0
2014,Austin,78,23394.0,25304.0,82548.0
2014,Austin-Irving,78,128656.0,21509.0,114332.0
2014,Avalon,78,56819.0,44261.0,121867.0
2014,Back of the Yards,78,53777.0,26871.0,64753.0
2014,Beverly,78,67760.0,30485.0,102260.0
2014,Bezazian,78,133194.0,36754.0,145775.0
2014,Blackstone,78,112996.0,32685.0,124567.0
2014,Brainerd,78,15377.0,23032.0,57173.0
2014,Brighton Park,78,70790.0,25155.0,78415.0
2014,Bucktown-Wicker Park,78,125727.0,25480.0,131628.0
2014,Budlong Woods,78,134406.0,27757.0,154304.0
2014,Canaryville,78,28673.0,16110.0,46053.0
2014,Chicago Bee,78,19872.0,20575.0,61053.0
2014,Chicago Lawn,78,54607.0,28535.0,83922.0
2014,Chinatown,78,104026.0,31940.0,228068.0
2014,Clearing,78,50054.0,14613.0,81799.0
2014,Coleman,78,40207.0,38226.0,105133.0
2014,"Daley, Richard J. - Bridgeport",78,84264.0,25136.0,94117.0
2014,"Daley, Richard M. - W. Humboldt",78,52533.0,67019.0,141116.0
2014,Douglass,78,22865.0,37147.0,119373.0
2014,Dunning,78,74067.0,30234.0,152336.0
2014,Edgebrook,78,107462.0,11110.0,101986.0
2014,Edgewater,78,194415.0,59579.0,195906.0
2014,Gage Park,78,24471.0,14374.0,50849.0
2014,Garfield Ridge,78,69786.0,16379.0,88472.0
2014,Greater Grand Crossing,78,33138.0,33625.0,73434.0
2014,Hall,78,24974.0,31787.0,80641.0
2014,Harold Washington Library Center,78,755189.0,386131.0,1406877.0
2014,Hegewisch,78,35545.0,12488.0,63226.0
2014,Humboldt Park,78,76142.0,43805.0,91119.0
2014,Independence,78,95965.0,23084.0,66164.0
2014,Jefferson Park,78,99639.0,24228.0,102652.0
2014,Jeffery Manor,78,14421.0,20232.0,69267.0
2014,Kelly,78,14163.0,22573.0,69170.0
2014,King,78,36725.0,31780.0,80619.0
2014,Legler Regional,78,18396.0,38014.0,96924.0
2014,Lincoln Belmont,78,164597.0,25209.0,155901.0
2014,Lincoln Park,78,113381.0,27863.0,128311.0
2014,Little Village,78,89523.0,50289.0,143467.0
2014,Logan Square,78,132692.0,34614.0,153357.0
2014,Lozano,78,68087.0,57119.0,171644.0
2014,Manning,78,33834.0,29437.0,103462.0
2014,Mayfair,78,68141.0,21576.0,74554.0
2014,McKinley Park,78,81179.0,24909.0,111008.0
2014,Merlo,78,99051.0,23631.0,110383.0
2014,Mount Greenwood,78,77568.0,16092.0,81734.0
2014,Near North,78,118941.0,27260.0,145752.0
2014,North Austin,78,24046.0,37967.0,81047.0
2014,North Pulaski,78,46920.0,21613.0,69095.0
2014,Northtown,78,118786.0,34097.0,143396.0
2014,Oriole Park,78,93258.0,13320.0,99172.0
2014,Portage-Cragin,78,90457.0,22928.0,89454.0
2014,Pullman,78,21773.0,32862.0,78436.0
2014,Roden,78,68912.0,10616.0,65238.0
2014,Rogers Park,78,136193.0,47189.0,173227.0
2014,Roosevelt,78,71714.0,22832.0,99513.0
2014,Scottsdale,78,46698.0,20609.0,72170.0
2014,Sherman Park,78,13035.0,28878.0,70749.0
2014,South Chicago,78,40343.0,34884.0,99358.0
2014,South Shore,78,47425.0,46309.0,118945.0
2014,Sulzer Regional,78,490667.0,123563.0,485942.0
2014,Thurgood Marshall,78,35971.0,54947.0,131875.0
2014,Toman,78,86599.0,44464.0,74783.0
2014,Uptown,78,88574.0,31307.0,146465.0
2014,Vodak-East Side,78,52719.0,33953.0,88817.0
2014,Walker,78,30576.0,15646.0,61004.0
2014,West Belmont,78,93990.0,25081.0,115403.0
2014,West Chicago Avenue,78,20629.0,33757.0,96703.0
2014,West Englewood,78,22214.0,39547.0,122965.0
2014,West Lawn,78,72153.0,24545.0,97240.0
2014,West Pullman,78,30407.0,38119.0,86807.0
2014,West Town,78,92772.0,41724.0,136774.0
2014,"Whitney M. Young, Jr.",78,31993.0,44724.0,115750.0
2014,Woodson Regional,78,105925.0,147440.0,328740.0
2014,Wrightwood-Ashburn,78,36329.0,22569.0,81744.0
2015,Albany Park,78,133366.0,37114.0,153751.0
2015,Altgeld,78,6382.0,23460.0,58248.0
2015,Archer Heights,78,82792.0,25070.0,108588.0
2015,Austin,78,22442.0,19728.0,79000.0
2015,Austin-Irving,78,122335.0,20598.0,110694.0
2015,Avalon,78,49109.0,43698.0,111994.0
2015,Back of the Yards,78,46855.0,28460.0,65541.0
2015,Beverly,78,64542.0,28449.0,99833.0
2015,Bezazian,78,117706.0,34495.0,135725.0
2015,Blackstone,78,101183.0,26835.0,114142.0
2015,Brainerd,78,14542.0,20515.0,50951.0
2015,Brighton Park,78,66829.0,20244.0,73786.0
2015,Bucktown-Wicker Park,78,124088.0,21770.0,120481.0
2015,Budlong Woods,78,107754.0,23510.0,131779.0
2015,Canaryville,78,22869.0,13894.0,46114.0
2015,Chicago Bee,78,18805.0,17572.0,66538.0
2015,Chicago Lawn,78,44938.0,24937.0,71913.0
2015,Chinatown,65,93077.0,25822.0,194063.0
2015,Clearing,78,48062.0,14102.0,78399.0
2015,Coleman,78,40712.0,33660.0,97525.0
2015,"Daley, Richard J. - Bridgeport",78,83127.0,24115.0,91527.0
2015,"Daley, Richard M. - W. Humboldt",78,41193.0,52177.0,125056.0
2015,Douglass,78,19617.0,28489.0,105992.0
2015,Dunning,78,64074.0,24142.0,138540.0
2015,Edgebrook,78,103432.0,11204.0,96146.0
2015,Edgewater,78,186613.0,56627.0,190385.0
2015,Gage Park,78,22602.0,12002.0,46106.0
2015,Garfield Ridge,78,65412.0,15907.0,78562.0
2015,Greater Grand Crossing,78,27683.0,27436.0,48990.0
2015,Hall,78,20255.0,23294.0,67517.0
2015,Harold Washington Library Center,78,694528.0,349634.0,1293976.0
2015,Hegewisch,78,31759.0,11376.0,58666.0
2015,Humboldt Park,78,76278.0,36327.0,92710.0
2015,Independence,55,70943.0,15775.0,65153.0
2015,Jefferson Park,78,95066.0,23460.0,95539.0
2015,Jeffery Manor,78,11663.0,15105.0,72326.0
2015,Kelly,78,12921.0,18574.0,61921.0
2015,King,78,33625.0,26787.0,73038.0
2015,Legler Regional,78,15884.0,30771.0,87848.0
2015,Lincoln Belmont,78,151626.0,20562.0,149576.0
2015,Lincoln Park,78,104515.0,25578.0,121396.0
2015,Little Village,78,78186.0,48605.0,138219.0
2015,Logan Square,78,127480.0,31692.0,145077.0
2015,Lozano,78,62690.0,45087.0,149543.0
2015,Manning,78,33295.0,26732.0,110116.0
2015,Mayfair,78,54234.0,15666.0,61646.0
2015,McKinley Park,78,72635.0,19914.0,97104.0
2015,Merlo,78,91474.0,21333.0,108022.0
2015,Mount Greenwood,75,62310.0,11091.0,65598.0
2015,Near North,78,110292.0,29808.0,141469.0
2015,North Austin,78,21804.0,30578.0,69178.0
2015,North Pulaski,78,44186.0,19910.0,65016.0
2015,Northtown,78,108104.0,28337.0,127941.0
2015,Oriole Park,78,87674.0,11615.0,87813.0
2015,Portage-Cragin,78,83419.0,23509.0,89481.0
2015,Pullman,78,17280.0,28747.0,70647.0
2015,Roden,78,70980.0,9525.0,71517.0
2015,Rogers Park,78,129316.0,40657.0,167983.0
2015,Roosevelt,78,64809.0,21336.0,95037.0
2015,Scottsdale,78,40221.0,16745.0,64392.0
2015,Sherman Park,78,11559.0,26155.0,70100.0
2015,South Chicago,78,34270.0,31110.0,90234.0
2015,South Shore,78,41383.0,39281.0,110308.0
2015,Sulzer Regional,78,454520.0,109565.0,436977.0
2015,Thurgood Marshall,78,32661.0,42371.0,112840.0
2015,Toman,78,78780.0,38496.0,108732.0
2015,Uptown,78,87694.0,29764.0,139932.0
2015,Vodak-East Side,78,51649.0,26912.0,85304.0
2015,Walker,78,26952.0,13798.0,58754.0
2015,West Belmont,78,85968.0,26203.0,116149.0
2015,West Chicago Avenue,78,17285.0,27191.0,79053.0
2015,West Englewood,78,20104.0,35805.0,133046.0
2015,West Lawn,78,67124.0,23352.0,87815.0
2015,West Pullman,78,27604.0,36430.0,84450.0
2015,West Town,78,82789.0,38775.0,132616.0
2015,"Whitney M. Young, Jr.",78,27729.0,38827.0,100223.0
2015,Woodson Regional,78,91916.0,128258.0,331842.0
2015,Wrightwood-Ashburn,78,31962.0,22995.0,72437.0
2016,Albany Park,78,135858.0,37025.0,159397.0
2016,Altgeld,78,5864.0,18826.0,57479.0
2016,Archer Heights,78,75818.0,23467.0,107323.0
2016,Austin,78,21272.0,18288.0,81643.0
2016,Austin-Irving,78,118020.0,20279.0,114892.0
2016,Avalon,78,47702.0,42512.0,113351.0
2016,Back of the Yards,78,39502.0,26560.0,65749.0
2016,Beverly,78,62264.0,28508.0,99236.0
2016,Bezazian,78,115177.0,34219.0,134856.0
2016,Blackstone,78,100420.0,22964.0,106539.0
2016,Brainerd,78,13258.0,17702.0,49623.0
2016,Brighton Park,78,59178.0,19930.0,77799.0
2016,Bucktown-Wicker Park,78,123454.0,20161.0,132858.0
2016,Budlong Woods,78,102830.0,20714.0,128215.0
2016,Canaryville,78,22528.0,10702.0,40898.0
2016,Chicago Bee,78,15002.0,15699.0,70823.0
2016,Chicago Lawn,78,37448.0,21623.0,70571.0
2016,Chinatown,78,139865.0,44289.0,297123.0
2016,Clearing,78,41732.0,13047.0,73645.0
2016,Coleman,78,42340.0,32764.0,91661.0
2016,"Daley, Richard J. - Bridgeport",78,74356.0,19286.0,81841.0
2016,"Daley, Richard M. - W. Humboldt",78,42352.0,45310.0,101958.0
2016,Douglass,78,19343.0,22653.0,86615.0
2016,Dunning,78,63134.0,20118.0,129377.0
2016,Edgebrook,78,102567.0,11177.0,97410.0
2016,Edgewater,78,184583.0,52995.0,221324.0
2016,Gage Park,78,21873.0,11078.0,39975.0
2016,Garfield Ridge,78,61834.0,13922.0,79082.0
2016,Greater Grand Crossing,78,25993.0,25192.0,35164.0
2016,Hall,78,15817.0,19960.0,65850.0
2016,Harold Washington Library Center,78,670077.0,316571.0,1353311.0
2016,Hegewisch,78,28835.0,10142.0,56252.0
2016,Humboldt Park,78,70210.0,29793.0,103298.0
2016,Jefferson Park,78,95365.0,20853.0,94520.0
2016,Jeffery Manor,78,12344.0,15694.0,72488.0
2016,Kelly,78,11307.0,14939.0,65400.0
2016,King,78,32994.0,25912.0,74422.0
2016,Legler Regional,78,16029.0,30166.0,94804.0
2016,Lincoln Belmont,78,156842.0,19398.0,157871.0
2016,Lincoln Park,78,111387.0,20102.0,139486.0
2016,Little Village,78,68243.0,39754.0,126527.0
2016,Logan Square,78,127151.0,28085.0,143684.0
2016,Lozano,78,61126.0,38961.0,145739.0
2016,Manning,78,31008.0,23676.0,95736.0
2016,Mayfair,78,59682.0,15589.0,64195.0
2016,McKinley Park,78,73007.0,16946.0,86478.0
2016,Merlo,78,96756.0,18758.0,119782.0
2016,Mount Greenwood,78,68918.0,13336.0,77892.0
2016,Near North,78,114311.0,24497.0,146322.0
2016,North Austin,78,19702.0,24019.0,62132.0
2016,North Pulaski,78,45763.0,18730.0,64251.0
2016,Northtown,78,100530.0,23619.0,123908.0
2016,Oriole Park,78,79077.0,9662.0,83670.0
2016,Portage-Cragin,78,86307.0,23229.0,91331.0
2016,Pullman,78,16344.0,22962.0,66882.0
2016,Roden,78,73599.0,8902.0,80703.0
2016,Rogers Park,78,131222.0,38191.0,174415.0
2016,Roosevelt,78,62700.0,18956.0,88668.0
2016,Scottsdale,78,35488.0,15782.0,58854.0
2016,Sherman Park,78,10521.0,20649.0,65626.0
2016,South Chicago,78,30219.0,28978.0,102781.0
2016,South Shore,78,38129.0,37601.0,102085.0
2016,Sulzer Regional,78,412021.0,88779.0,373089.0
2016,Thurgood Marshall,78,31240.0,37540.0,98929.0
2016,Toman,78,70387.0,33308.0,113103.0
2016,Uptown,78,87270.0,28007.0,138198.0
2016,Vodak-East Side,78,49351.0,22282.0,82816.0
2016,Walker,78,23499.0,11226.0,57463.0
2016,West Belmont,78,84081.0,23130.0,107113.0
2016,West Chicago Avenue,78,16645.0,24502.0,38328.0
2016,West Englewood,78,16878.0,32618.0,114176.0
2016,West Lawn,78,59115.0,22399.0,79280.0
2016,West Pullman,78,26449.0,35506.0,90324.0
2016,West Town,78,75478.0,29177.0,124871.0
2016,"Whitney M. Young, Jr.",78,23194.0,33975.0,90934.0
2016,Woodson Regional,66,74622.0,101356.0,283611.0
2016,Wrightwood-Ashburn,78,25190.0,19729.0,65873.0
2017,Albany Park,78,121534.0,30645.0,157976.0
2017,Altgeld,78,4297.0,12098.0,38428.0
2017,Archer Heights,78,68197.0,20717.0,92895.0
2017,Austin,45,11966.0,10478.0,56504.0
2017,Austin-Irving,78,110235.0,18173.0,103731.0
2017,Avalon,78,45981.0,54028.0,145946.0
2017,Back of the Yards,78,31124.0,21735.0,60218.0
2017,Beverly,78,72769.0,45754.0,148208.0
2017,Bezazian,78,102832.0,29568.0,123578.0
2017,Blackstone,78,96778.0,19859.0,99462.0
2017,Brainerd,78,12425.0,17540.0,64234.0
2017,Brighton Park,78,56112.0,17537.0,71204.0
2017,Bucktown-Wicker Park,78,117212.0,16534.0,117553.0
2017,Budlong Woods,78,97721.0,18750.0,129401.0
2017,Canaryville,78,23027.0,9404.0,39835.0
2017,Chicago Bee,78,12740.0,11955.0,49140.0
2017,Chicago Lawn,78,38739.0,22521.0,78057.0
2017,Chinatown,78,127037.0,37298.0,275901.0
2017,Clearing,78,37950.0,11615.0,69730.0
2017,Coleman,78,40095.0,27905.0,95022.0
2017,"Daley, Richard J. - Bridgeport",78,66355.0,17883.0,76603.0
2017,"Daley, Richard M. - W. Humboldt",78,31597.0,36938.0,128388.0
2017,Douglass,78,15553.0,18747.0,72122.0
2017,Dunning,78,58392.0,15448.0,122465.0
2017,Edgebrook,78,101906.0,9947.0,95049.0
2017,Edgewater,78,182962.0,46964.0,197383.0
2017,Gage Park,78,19172.0,8939.0,41438.0
2017,Garfield Ridge,78,61434.0,12344.0,74800.0
2017,Greater Grand Crossing,78,23192.0,24112.0,33578.0
2017,Hall,78,15017.0,16810.0,56626.0
2017,Harold Washington Library Center,78,634570.0,287129.0,1233309.0
2017,Hegewisch,78,25300.0,10157.0,54963.0
2017,Humboldt Park,78,63037.0,25217.0,98033.0
2017,Jefferson Park,78,86449.0,18392.0,89420.0
2017,Jeffery Manor,78,9057.0,14345.0,70704.0
2017,Kelly,78,11160.0,12341.0,58574.0
2017,King,78,28927.0,24282.0,68071.0
2017,Legler Regional,78,12520.0,26292.0,83753.0
2017,Lincoln Belmont,78,154474.0,15616.0,153024.0
2017,Lincoln Park,78,117833.0,16540.0,119885.0
2017,Little Village,78,61242.0,33123.0,120351.0
2017,Logan Square,78,129314.0,24105.0,144228.0
2017,Lozano,78,56669.0,28422.0,130790.0
2017,Manning,78,29033.0,20423.0,91044.0
2017,Mayfair,78,56550.0,12890.0,58973.0
2017,McKinley Park,78,68579.0,15539.0,105282.0
2017,Merlo,78,95477.0,15722.0,99370.0
2017,Mount Greenwood,78,64963.0,11880.0,72279.0
2017,Near North,78,110921.0,22049.0,137036.0
2017,North Austin,78,17845.0,19525.0,54983.0
2017,North Pulaski,78,37242.0,16557.0,58203.0
2017,Northtown,78,94927.0,20336.0,114985.0
2017,Oriole Park,78,72151.0,10401.0,88948.0
2017,Portage-Cragin,78,89744.0,22261.0,87088.0
2017,Pullman,78,15123.0,20492.0,58295.0
2017,Roden,78,74683.0,8618.0,59596.0
2017,Rogers Park,78,126146.0,32156.0,161630.0
2017,Roosevelt,78,58366.0,15406.0,89346.0
2017,Scottsdale,78,32880.0,16331.0,56007.0
2017,Sherman Park,78,9228.0,15541.0,51636.0
2017,South Chicago,78,24980.0,26154.0,92192.0
2017,South Shore,78,30527.0,32398.0,87931.0
2017,Sulzer Regional,78,403323.0,77174.0,381949.0
2017,Thurgood Marshall,66,27154.0,29448.0,92042.0
2017,Toman,78,65020.0,32768.0,119528.0
2017,Uptown,78,83125.0,24153.0,129732.0
2017,Vodak-East Side,78,41701.0,20648.0,72851.0
2017,Walker,78,21509.0,10357.0,47129.0
2017,West Belmont,78,81816.0,20041.0,90808.0
2017,West Chicago Avenue,78,12682.0,21305.0,67650.0
2017,West Englewood,78,16943.0,29419.0,105335.0
2017,West Lawn,78,51048.0,18851.0,78523.0
2017,West Pullman,78,29836.0,48751.0,121069.0
2017,West Town,78,69661.0,25544.0,114925.0
2017,"Whitney M. Young, Jr.",45,14547.0,22832.0,60502.0
2017,Wrightwood-Ashburn,78,22473.0,17940.0,56232.0
2018,Albany Park,78,111168.0,26720.0,151560.0
2018,Altgeld,78,4469.0,8531.0,32763.0
2018,Archer Heights,78,62312.0,17988.0,91494.0
2018,Austin,77,11569.0,16300.0,67483.0
2018,Austin-Irving,78,108252.0,16244.0,104670.0
2018,Avalon,78,39384.0,39861.0,114441.0
2018,Back of the Yards,78,26707.0,15336.0,51007.0
2018,Beverly,78,54985.0,20488.0,94255.0
2018,Bezazian,78,99716.0,28306.0,123080.0
2018,Blackstone,78,98515.0,18398.0,92475.0
2018,Brainerd,78,9849.0,12106.0,81936.0
2018,Brighton Park,78,55383.0,14423.0,65971.0
2018,Bucktown-Wicker Park,78,110244.0,14434.0,133257.0
2018,Budlong Woods,78,97197.0,18440.0,134216.0
2018,Canaryville,78,23079.0,8258.0,43738.0
2018,Chicago Bee,24,1161.0,964.0,3629.0
2018,Chicago Lawn,78,36537.0,20146.0,70544.0
2018,Chinatown,78,114777.0,35203.0,272228.0
2018,Clearing,78,33426.0,9991.0,64977.0
2018,Coleman,78,29584.0,29597.0,92457.0
2018,"Daley, Richard J. - Bridgeport",78,59826.0,13741.0,70815.0
2018,"Daley, Richard M. - W. Humboldt",78,34098.0,35692.0,131921.0
2018,Douglass,45,10354.0,12437.0,45453.0
2018,Dunning,78,53934.0,12341.0,118188.0
2018,Edgebrook,78,99023.0,8241.0,94715.0
2018,Edgewater,78,175094.0,41038.0,203198.0
2018,Gage Park,78,15670.0,7577.0,37565.0
2018,Garfield Ridge,78,61290.0,10924.0,71917.0
2018,Greater Grand Crossing,78,20689.0,22548.0,76082.0
2018,Hall,78,17906.0,17824.0,70437.0
2018,Harold Washington Library Center,78,614313.0,242939.0,1364907.0
2018,Hegewisch,78,20847.0,8350.0,51298.0
2018,Humboldt Park,78,59289.0,20637.0,91935.0
2018,Jefferson Park,78,85709.0,17260.0,88120.0
2018,Jeffery Manor,78,8857.0,13312.0,74842.0
2018,Kelly,71,6489.0,7237.0,39239.0
2018,King,78,27549.0,20961.0,61044.0
2018,Legler Regional,78,12228.0,24277.0,79803.0
2018,Lincoln Belmont,78,152272.0,13431.0,145834.0
2018,Lincoln Park,78,117208.0,14532.0,136011.0
2018,Little Village,78,49496.0,27826.0,104662.0
2018,Logan Square,78,133666.0,22473.0,148676.0
2018,Lozano,78,44697.0,23957.0,118635.0
2018,Manning,68,22749.0,17383.0,90269.0
2018,Mayfair,78,53062.0,9967.0,58054.0
2018,McKinley Park,78,67682.0,12916.0,109604.0
2018,Merlo,78,95983.0,14472.0,112649.0
2018,Mount Greenwood,78,63331.0,10303.0,67528.0
2018,Near North,78,106549.0,18513.0,133880.0
2018,North Austin,57,6503.0,8463.0,21486.0
2018,North Pulaski,78,32944.0,15127.0,48463.0
2018,Northtown,78,84462.0,17612.0,102788.0
2018,Oriole Park,78,69652.0,9524.0,91081.0
2018,Portage-Cragin,78,80258.0,18976.0,83979.0
2018,Pullman,78,12608.0,18533.0,56145.0
2018,Roden,78,69745.0,7505.0,70632.0
2018,Rogers Park,78,123757.0,34534.0,164817.0
2018,Roosevelt,66,53172.0,12134.0,101455.0
2018,Scottsdale,78,26203.0,13147.0,51896.0
2018,Sherman Park,78,8491.0,13935.0,50931.0
2018,South Chicago,78,21306.0,24928.0,93645.0
2018,South Shore,78,32724.0,31008.0,82221.0
2018,Sulzer Regional,78,379533.0,73527.0,386549.0
2018,Thurgood Marshall,77,20328.0,23224.0,60302.0
2018,Toman,78,59450.0,25499.0,100928.0
2018,Uptown,78,79570.0,21517.0,119838.0
2018,Vodak-East Side,78,35364.0,15544.0,65351.0
2018,Walker,78,19737.0,8490.0,40930.0
2018,West Belmont,66,64530.0,15707.0,73160.0
2018,West Chicago Avenue,78,11928.0,22936.0,79217.0
2018,West Englewood,78,15715.0,25882.0,89285.0
2018,West Lawn,78,40031.0,13941.0,67435.0
2018,West Pullman,78,20801.0,30510.0,102135.0
2018,West Town,78,61054.0,18129.0,103910.0
2018,Woodson Regional,77,58920.0,68516.0,190372.0
2018,Wrightwood-Ashburn,78,20573.0,15443.0,52610.0
2019,Albany Park,78,93009.0,23279.0,130255.0
2019,Altgeld,78,4014.0,5226.0,28196.0
2019,Archer Heights,78,58025.0,17466.0,86593.0
2019,Austin,78,11328.0,16288.0,77480.0
2019,Austin-Irving,78,119100.0,16115.0,109080.0
2019,Avalon,78,36480.0,34603.0,104662.0
2019,Back of the Yards,78,24465.0,13715.0,44989.0
2019,Beverly,78,49151.0,14373.0,76336.0
2019,Bezazian,78,98356.0,28234.0,121571.0
2019,Blackstone,78,99833.0,18008.0,94358.0
2019,Brainerd,78,9204.0,10816.0,60027.0
2019,Brighton Park,78,45008.0,10598.0,55686.0
2019,Bucktown-Wicker Park,78,109420.0,11122.0,128142.0
2019,Budlong Woods,78,95599.0,15503.0,125049.0
2019,Canaryville,78,20111.0,5991.0,38923.0
2019,Chicago Bee,78,10925.0,9523.0,23708.0
2019,Chicago Lawn,45,25117.0,11511.0,54371.0
2019,Chinatown,78,97309.0,28912.0,271514.0
2019,Clearing,78,27959.0,7267.0,51668.0
2019,Coleman,69,23180.0,25345.0,74397.0
2019,"Daley, Richard J. - Bridgeport",78,61689.0,12425.0,60663.0
2019,"Daley, Richard M. - W. Humboldt",78,31014.0,28658.0,116161.0
2019,Dunning,78,48246.0,10968.0,104259.0
2019,Edgebrook,78,104803.0,7694.0,97005.0
2019,Edgewater,78,171399.0,42300.0,197045.0
2019,Gage Park,78,14102.0,5406.0,29706.0
2019,Garfield Ridge,78,53187.0,9390.0,70128.0
2019,Greater Grand Crossing,78,17264.0,19219.0,69998.0
2019,Hall,78,16185.0,14922.0,67884.0
2019,Harold Washington Library Center,78,581151.0,209583.0,1405964.0
2019,Hegewisch,78,19052.0,7114.0,38747.0
2019,Humboldt Park,78,56569.0,14942.0,78546.0
2019,Independence,78,88455.0,11513.0,75052.0
2019,Jefferson Park,13,9061.0,1682.0,6108.0
2019,Jeffery Manor,78,8774.0,12627.0,57482.0
2019,Kelly,78,11116.0,13220.0,65347.0
2019,King,78,21311.0,19188.0,35190.0
2019,Legler Regional,45,8493.0,21796.0,72027.0
2019,Lincoln Belmont,78,168646.0,12445.0,156188.0
2019,Lincoln Park,78,133337.0,12859.0,137424.0
2019,Little Italy,77,61193.0,13579.0,118051.0
2019,Little Village,78,39280.0,22362.0,80689.0
2019,Logan Square,78,131945.0,20522.0,150530.0
2019,Lozano,78,42111.0,22750.0,123368.0
2019,Manning,78,22218.0,20940.0,84158.0
2019,Mayfair,78,46902.0,8712.0,47147.0
2019,McKinley Park,78,57882.0,10673.0,99246.0
2019,Merlo,3,14636.0,1919.0,19633.0
2019,Mount Greenwood,78,57050.0,9366.0,51275.0
2019,Near North,78,102226.0,16813.0,130156.0
2019,North Austin,78,12466.0,16971.0,41957.0
2019,North Pulaski,78,27230.0,12519.0,47718.0
2019,Northtown,75,106790.0,21755.0,104233.0
2019,Oriole Park,78,65208.0,7202.0,81829.0
2019,Portage-Cragin,73,52633.0,11994.0,54801.0
2019,Pullman,78,12506.0,15090.0,49370.0
2019,Roden,78,72925.0,7840.0,70882.0
2019,Rogers Park,78,112965.0,35512.0,152062.0
2019,Scottsdale,78,21923.0,10067.0,44514.0
2019,Sherman Park,78,7004.0,11353.0,42228.0
2019,South Chicago,78,18699.0,26773.0,83093.0
2019,South Shore,3,2563.0,2681.0,10690.0
2019,Sulzer Regional,78,369530.0,75723.0,358644.0
2019,Thurgood Marshall,78,21139.0,28163.0,78209.0
2019,Toman,78,50027.0,20386.0,88574.0
2019,Uptown,78,90869.0,24818.0,126690.0
2019,Vodak-East Side,78,30031.0,12337.0,60487.0
2019,Walker,55,15678.0,5404.0,32753.0
2019,West Belmont,78,65853.0,14739.0,62243.0
2019,West Chicago Avenue,78,8812.0,21372.0,73704.0
2019,West Englewood,78,13534.0,22055.0,69243.0
2019,West Lawn,78,36382.0,14210.0,64959.0
2019,West Loop,78,59405.0,5765.0,83969.0
2019,West Pullman,78,17823.0,26144.0,87708.0
2019,West Town,78,59889.0,15214.0,102826.0
2019,"Whitney M. Young, Jr.",78,21973.0,25752.0,82023.0
2019,Woodson Regional,78,59933.0,86153.0,214173.0
2019,Wrightwood-Ashburn,78,17607.0,12697.0,47353.0
2020,Albany Park,69,49247.0,7370.0,52199.0
2020,Altgeld,6,779.0,618.0,5666.0
2020,Archer Heights,69,23929.0,6910.0,40849.0
2020,Austin,69,8392.0,9731.0,48452.0
2020,Austin-Irving,69,56704.0,4848.0,44549.0
2020,Avalon,69,16799.0,12900.0,45243.0
2020,Back of the Yards,69,11151.0,4284.0,20016.0
2020,Beverly,69,29173.0,4882.0,17422.0
2020,Bezazian,69,60550.0,10322.0,41366.0
2020,Blackstone,35,36101.0,4998.0,20075.0
2020,Brainerd,69,3577.0,3659.0,10608.0
2020,Brighton Park,69,19047.0,4042.0,18470.0
2020,Bucktown-Wicker Park,69,74873.0,5267.0,56489.0
2020,Budlong Woods,69,55627.0,6294.0,64341.0
2020,Canaryville,6,4093.0,1042.0,6403.0
2020,Chicago Bee,69,6035.0,4333.0,9673.0
2020,Chicago Lawn,69,15079.0,6340.0,31619.0
2020,Chinatown,69,40329.0,9458.0,68972.0
2020,Clearing,69,16952.0,3613.0,30288.0
2020,Coleman,69,10777.0,11006.0,40137.0
2020,"Daley, Richard J. - Bridgeport",69,37045.0,5643.0,26070.0
2020,"Daley, Richard M. - W. Humboldt",69,16965.0,12183.0,72402.0
2020,Douglass,63,2217.0,2998.0,5036.0
2020,Dunning,69,30500.0,4667.0,54370.0
2020,Edgebrook,69,63997.0,3552.0,47557.0
2020,Edgewater,69,103535.0,16476.0,91450.0
2020,Gage Park,6,3214.0,1093.0,5311.0
2020,Garfield Ridge,69,28473.0,4182.0,32285.0
2020,Greater Grand Crossing,69,6739.0,6119.0,17535.0
2020,Hall,57,7705.0,6058.0,30361.0
2020,Harold Washington Library Center,69,276358.0,78203.0,554374.0
2020,Hegewisch,69,11479.0,3200.0,18922.0
2020,Humboldt Park,69,36246.0,6631.0,37279.0
2020,Independence,69,55694.0,6260.0,29922.0
2020,Jefferson Park,69,41740.0,6125.0,33343.0
2020,Jeffery Manor,69,4091.0,5146.0,26048.0
2020,Kelly,69,4498.0,5587.0,18646.0
2020,King,69,11145.0,8495.0,16902.0
2020,Legler Regional,12,221.0,40.0,108.0
2020,Lincoln Belmont,69,105376.0,4971.0,57738.0
2020,Lincoln Park,69,92065.0,5101.0,71740.0
2020,Little Italy,69,37786.0,6358.0,40933.0
2020,Little Village,69,15626.0,7266.0,23839.0
2020,Logan Square,59,71919.0,7396.0,68589.0
2020,Lozano,69,21534.0,9255.0,47770.0
2020,Manning,3,3325.0,3190.0,13844.0
2020,Mayfair,69,24446.0,3230.0,18955.0
2020,McKinley Park,69,31015.0,3736.0,38764.0
2020,Mount Greenwood,69,33407.0,4060.0,17208.0
2020,Near North,69,72498.0,5811.0,65148.0
2020,North Austin,69,7093.0,6644.0,17907.0
2020,North Pulaski,69,11265.0,4260.0,19762.0
2020,Northtown,68,84297.0,10441.0,74062.0
2020,Oriole Park,69,42683.0,4352.0,38614.0
2020,Portage-Cragin,69,36262.0,7696.0,35107.0
2020,Pullman,50,3352.0,4381.0,17149.0
2020,Roden,69,37254.0,2580.0,27951.0
2020,Rogers Park,69,65568.0,10162.0,75717.0
2020,Scottsdale,69,11649.0,3768.0,24400.0
2020,Sherman Park,69,2675.0,3860.0,18207.0
2020,South Chicago,57,7542.0,8067.0,32499.0
2020,South Shore,57,5083.0,4042.0,5115.0
2020,Sulzer Regional,69,226463.0,27772.0,165519.0
2020,Thurgood Marshall,69,9573.0,11165.0,36007.0
2020,Toman,69,23781.0,7825.0,23757.0
2020,Uptown,69,59507.0,8254.0,57536.0
2020,Vodak-East Side,69,13685.0,4333.0,24651.0
2020,Walker,57,4963.0,1169.0,2606.0
2020,West Belmont,69,33011.0,5075.0,30729.0
2020,West Chicago Avenue,69,3674.0,7164.0,22337.0
2020,West Englewood,69,4621.0,7651.0,28176.0
2020,West Lawn,69,16996.0,5685.0,20569.0
2020,West Loop,69,36711.0,2488.0,37867.0
2020,West Pullman,69,8768.0,12042.0,33261.0
2020,West Town,69,35535.0,5633.0,50554.0
2020,"Whitney M. Young, Jr.",69,9710.0,13612.0,38131.0
2020,Woodson Regional,69,25263.0,33365.0,78366.0
2020,Wrightwood-Ashburn,69,8596.0,5139.0,21338.0
2021,Albany Park,78,61634.0,8838.0,62840.0
2021,Altgeld,78,1934.0,6719.0,10760.0
2021,Archer Heights,78,26320.0,7223.0,34665.0
2021,Austin,78,7108.0,8554.0,35321.0
2021,Austin-Irving,78,62934.0,5423.0,48720.0
2021,Avalon,78,16003.0,12882.0,46853.0
2021,Back of the Yards,78,12416.0,4957.0,25385.0
2021,Beverly,78,35849.0,6503.0,23456.0
2021,Bezazian,75,55646.0,8997.0,43661.0
2021,Blackstone,78,80757.0,8963.0,61010.0
2021,Brainerd,73,3236.0,3337.0,7313.0
2021,Brighton Park,68,14931.0,4010.0,16216.0
2021,Bucktown-Wicker Park,78,89707.0,6219.0,66986.0
2021,Budlong Woods,78,69886.0,8152.0,70683.0
2021,Canaryville,57,4887.0,1254.0,7911.0
2021,Chicago Bee,78,7891.0,4898.0,10188.0
2021,Chicago Lawn,78,17555.0,9128.0,42869.0
2021,Chinatown,78,54354.0,11471.0,93783.0
2021,Clearing,72,18159.0,4203.0,10677.0
2021,Coleman,78,11157.0,11371.0,36281.0
2021,"Daley, Richard J. - Bridgeport",36,26402.0,3947.0,23096.0
2021,"Daley, Richard M. - W. Humboldt",78,16283.0,10751.0,64108.0
2021,Douglass,78,4852.0,7210.0,8045.0
2021,Dunning,78,38197.0,7445.0,71053.0
2021,Edgebrook,78,76668.0,3268.0,52883.0
2021,Edgewater,78,127737.0,17329.0,94307.0
2021,Gage Park,50,2755.0,590.0,4819.0
2021,Garfield Ridge,78,33727.0,5206.0,37071.0
2021,Greater Grand Crossing,70,4865.0,5134.0,13610.0
2021,Hall,77,6163.0,5562.0,23328.0
2021,Harold Washington Library Center,78,271811.0,69312.0,543951.0
2021,Hegewisch,78,11515.0,3323.0,16972.0
2021,Humboldt Park,78,36649.0,7233.0,34092.0
2021,Independence,78,69547.0,7059.0,33031.0
2021,Jefferson Park,78,55453.0,8179.0,46942.0
2021,Jeffery Manor,78,3205.0,4283.0,14627.0
2021,Kelly,78,4334.0,5784.0,9396.0
2021,King,78,12704.0,9428.0,17385.0
2021,Legler Regional,78,5226.0,7851.0,15091.0
2021,Lincoln Belmont,78,129149.0,6391.0,67167.0
2021,Lincoln Park,78,114599.0,7015.0,75874.0
2021,Little Italy,78,47793.0,6112.0,48093.0
2021,Little Village,78,15767.0,7035.0,16571.0
2021,Logan Square,78,105294.0,11483.0,92688.0
2021,Lozano,78,25108.0,9937.0,55729.0
2021,Manning,42,1868.0,1242.0,9836.0
2021,Mayfair,78,29232.0,3779.0,21794.0
2021,McKinley Park,78,32919.0,4520.0,43135.0
2021,Merlo,78,96136.0,8866.0,86207.0
2021,Mount Greenwood,78,39068.0,4412.0,18372.0
2021,Near North,78,87488.0,7677.0,75732.0
2021,North Austin,78,6584.0,5692.0,16817.0
2021,North Pulaski,78,11211.0,4596.0,24593.0
2021,Northtown,78,110226.0,14793.0,89529.0
2021,Oriole Park,78,56191.0,5912.0,49780.0
2021,Portage-Cragin,78,41154.0,9558.0,34976.0
2021,Pullman,78,3952.0,6442.0,25026.0
2021,Roden,78,49569.0,3651.0,39766.0
2021,Rogers Park,78,74911.0,12227.0,75695.0
2021,Scottsdale,78,14181.0,5495.0,37432.0
2021,Sherman Park,78,2318.0,3919.0,18837.0
2021,South Chicago,78,7696.0,8211.0,31336.0
2021,South Shore,78,11406.0,11613.0,17501.0
2021,Sulzer Regional,78,281183.0,22938.0,175377.0
2021,Thurgood Marshall,78,8517.0,10989.0,32164.0
2021,Toman,78,23670.0,8543.0,19563.0
2021,Uptown,78,67461.0,10636.0,65259.0
2021,Vodak-East Side,78,18626.0,6663.0,33568.0
2021,Walker,78,10541.0,2816.0,12055.0
2021,Water Works,42,8516.0,306.0,10594.0
2021,West Belmont,78,35555.0,5227.0,30693.0
2021,West Chicago Avenue,78,2684.0,6019.0,8954.0
2021,West Englewood,78,3896.0,5998.0,28905.0
2021,West Lawn,21,7022.0,2382.0,6719.0
2021,West Loop,78,45506.0,3179.0,36393.0
2021,West Pullman,78,7361.0,9520.0,15932.0
2021,West Town,78,45464.0,7276.0,48278.0
2021,"Whitney M. Young, Jr.",78,8142.0,13462.0,30166.0
2021,Woodson Regional,78,23328.0,28566.0,55987.0
2021,Wrightwood-Ashburn,73,6840.0,4584.0,12274.0
2022,Albany Park,78,64486.0,13089.0,79075.0
2022,Altgeld,78,2641.0,11282.0,38946.0
2022,Archer Heights,78,27343.0,8782.0,41847.0
2022,Austin,78,7589.0,10235.0,41194.0
2022,Austin-Irving,78,63482.0,7353.0,55987.0
2022,Avalon,78,15567.0,15937.0,47736.0
2022,Back of the Yards,78,12242.0,5557.0,31258.0
2022,Beverly,69,26943.0,6571.0,22134.0
2022,Bezazian,77,70422.0,14321.0,55207.0
2022,Blackstone,78,81017.0,11773.0,76626.0
2022,Brainerd,78,3899.0,5652.0,12342.0
2022,Brighton Park,78,17940.0,6159.0,32956.0
2022,Bucktown-Wicker Park,78,98867.0,9255.0,86093.0
2022,Budlong Woods,78,72049.0,10037.0,79981.0
2022,Canaryville,71,7963.0,1942.0,10960.0
2022,Chicago Bee,78,9095.0,7447.0,11562.0
2022,Chicago Lawn,78,16433.0,11345.0,47077.0
2022,Chinatown,78,58539.0,16629.0,144767.0
2022,Clearing,78,21980.0,6125.0,15574.0
2022,Coleman,78,11059.0,15045.0,42328.0
2022,"Daley, Richard J. - Bridgeport",63,23584.0,5411.0,14529.0
2022,"Daley, Richard M. - W. Humboldt",78,14820.0,11458.0,50313.0
2022,Douglass,72,4250.0,9125.0,25970.0
2022,Dunning,78,40511.0,8367.0,72104.0
2022,Edgebrook,78,79259.0,4898.0,66216.0
2022,Edgewater,78,124239.0,23702.0,97850.0
2022,Gage Park,77,7184.0,2513.0,17033.0
2022,Garfield Ridge,78,36368.0,6256.0,50209.0
2022,Greater Grand Crossing,78,6186.0,9003.0,20670.0
2022,Hall,77,6899.0,7712.0,31154.0
2022,Harold Washington Library Center,78,273406.0,111730.0,686752.0
2022,Hegewisch,78,9734.0,3430.0,14909.0
2022,Humboldt Park,78,41675.0,9779.0,48223.0
2022,Independence,78,73846.0,8430.0,40641.0
2022,Jefferson Park,78,59621.0,11848.0,46168.0
2022,Jeffery Manor,78,5335.0,7895.0,17787.0
2022,Kelly,78,5141.0,6964.0,28926.0
2022,King,78,11940.0,12658.0,18064.0
2022,Legler Regional,78,6453.0,13927.0,35007.0
2022,Lincoln Belmont,75,103216.0,6193.0,57243.0
2022,Lincoln Park,78,142413.0,10615.0,118118.0
2022,Little Italy,78,45000.0,9574.0,86951.0
2022,Little Village,78,17465.0,9946.0,21964.0
2022,Logan Square,78,116319.0,15279.0,116554.0
2022,Lozano,78,25002.0,13338.0,45329.0
2022,Manning,77,11295.0,8262.0,39310.0
2022,Mayfair,78,30562.0,4067.0,18821.0
2022,McKinley Park,78,37881.0,6660.0,51896.0
2022,Merlo,78,106736.0,13742.0,110146.0
2022,Mount Greenwood,78,46056.0,6532.0,24079.0
2022,Near North,56,44761.0,7980.0,61030.0
2022,North Austin,78,6732.0,7380.0,19986.0
2022,North Pulaski,78,12675.0,6375.0,28344.0
2022,Northtown,78,101188.0,18967.0,84479.0
2022,Oriole Park,78,60991.0,7607.0,54645.0
2022,Portage-Cragin,78,41531.0,10345.0,46675.0
2022,Pullman,78,4118.0,9861.0,34039.0
2022,Roden,78,55614.0,5020.0,62510.0
2022,Rogers Park,78,77588.0,17612.0,99362.0
2022,Scottsdale,78,15151.0,6852.0,37087.0
2022,Sherman Park,78,2857.0,6180.0,17653.0
2022,South Chicago,78,8324.0,12791.0,42990.0
2022,South Shore,78,10647.0,13976.0,20183.0
2022,Sulzer Regional,78,301340.0,33478.0,214847.0
2022,Thurgood Marshall,78,8920.0,12290.0,38615.0
2022,Toman,78,23735.0,8471.0,25645.0
2022,Uptown,73,54707.0,12039.0,61293.0
2022,Vodak-East Side,78,19893.0,8740.0,43052.0
2022,Walker,78,16002.0,5021.0,11531.0
2022,Water Works,77,35804.0,1864.0,47594.0
2022,West Belmont,78,35914.0,7460.0,43844.0
2022,West Chicago Avenue,78,4609.0,8878.0,15374.0
2022,West Englewood,78,4576.0,7923.0,34995.0
2022,West Lawn,78,20225.0,5589.0,36473.0
2022,West Loop,78,52688.0,4784.0,51137.0
2022,West Pullman,78,8454.0,12606.0,23737.0
2022,West Town,78,53459.0,10203.0,68398.0
2022,"Whitney M. Young, Jr.",78,8041.0,18455.0,43576.0
2022,Woodson Regional,78,25002.0,35655.0,61392.0
2022,Wrightwood-Ashburn,78,8850.0,7055.0,29648.0
2023,Albany Park,10,21369.0,4183.0,27586.0
2023,Altgeld,10,548.0,2016.0,15459.0
2023,Archer Heights,10,7564.0,2569.0,18508.0
2023,Austin,10,2959.0,3187.0,14753.0
2023,Austin-Irving,10,21147.0,2597.0,13305.0
2023,Avalon,10,5359.0,5560.0,14848.0
2023,Back of the Yards,10,3996.0,2104.0,12023.0
2023,Beverly,10,13296.0,3710.0,12032.0
2023,Bezazian,10,24866.0,5204.0,16115.0
2023,Blackstone,10,26784.0,4159.0,28053.0
2023,Brainerd,10,1258.0,1610.0,4215.0
2023,Brighton Park,10,6351.0,2202.0,14527.0
2023,Bucktown-Wicker Park,10,33919.0,3060.0,20009.0
2023,Budlong Woods,10,24945.0,4168.0,22823.0
2023,Canaryville,10,4022.0,1121.0,5658.0
2023,Chicago Bee,10,3419.0,2558.0,4316.0
2023,Chicago Lawn,10,4957.0,4006.0,15494.0
2023,Chinatown,10,17472.0,7002.0,57511.0
2023,Clearing,10,8192.0,2040.0,5270.0
2023,Coleman,10,3927.0,5320.0,8585.0
2023,"Daley, Richard J. - Bridgeport",10,13887.0,3372.0,12946.0
2023,"Daley, Richard M. - W. Humboldt",10,4815.0,3878.0,17469.0
2023,Douglass,10,1266.0,2639.0,6104.0
2023,Dunning,10,14500.0,2999.0,22856.0
2023,Edgebrook,10,25430.0,1623.0,23630.0
2023,Edgewater,10,42135.0,8028.0,36693.0
2023,Gage Park,10,2993.0,1386.0,9263.0
2023,Garfield Ridge,10,13028.0,2190.0,20366.0
2023,Greater Grand Crossing,10,1717.0,3227.0,13434.0
2023,Hall,10,2945.0,2773.0,10538.0
2023,Harold Washington Library Center,10,92072.0,40474.0,135393.0
2023,Hegewisch,10,3675.0,1710.0,5834.0
2023,Humboldt Park,10,14951.0,3676.0,12352.0
2023,Independence,10,27378.0,2962.0,16281.0
2023,Jefferson Park,10,21144.0,3847.0,14383.0
2023,Jeffery Manor,10,1697.0,2976.0,6338.0
2023,Kelly,10,1231.0,2341.0,10270.0
2023,King,10,4176.0,3981.0,5370.0
2023,Legler Regional,10,2668.0,5861.0,12540.0
2023,Lincoln Belmont,10,42571.0,2664.0,32617.0
2023,Lincoln Park,10,45827.0,3405.0,51771.0
2023,Little Italy,10,15298.0,3457.0,32153.0
2023,Little Village,10,5667.0,4533.0,12933.0
2023,Logan Square,10,39847.0,5187.0,43954.0
2023,Lozano,10,9410.0,5771.0,20041.0
2023,Manning,10,4649.0,2953.0,14140.0
2023,Mayfair,10,10398.0,1452.0,9804.0
2023,McKinley Park,10,11685.0,2594.0,24523.0
2023,Merlo,10,36653.0,4108.0,46193.0
2023,Mount Greenwood,10,9430.0,1568.0,6191.0
2023,Near North,10,25456.0,5146.0,39302.0
2023,North Austin,10,2086.0,2708.0,6909.0
2023,North Pulaski,10,4916.0,2231.0,10424.0
2023,Northtown,10,30041.0,6463.0,33785.0
2023,Oriole Park,10,20022.0,2618.0,20231.0
2023,Portage-Cragin,10,15036.0,3457.0,29834.0
2023,Pullman,10,1523.0,3722.0,13944.0
2023,Roden,10,19780.0,1881.0,40247.0
2023,Rogers Park,10,26643.0,6260.0,36112.0
2023,Scottsdale,10,4841.0,2507.0,14116.0
2023,Sherman Park,10,1212.0,2748.0,4584.0
2023,South Chicago,10,3092.0,4465.0,12828.0
2023,South Shore,10,3438.0,4806.0,8456.0
2023,Sulzer Regional,10,102320.0,12529.0,81219.0
2023,Thurgood Marshall,10,2668.0,4324.0,20962.0
2023,Toman,10,7601.0,2800.0,10873.0
2023,Uptown,10,22295.0,5196.0,30204.0
2023,Vodak-East Side,10,7204.0,3144.0,13024.0
2023,Walker,10,7231.0,1785.0,6787.0
2023,Water Works,10,11988.0,648.0,15985.0
2023,West Belmont,10,12177.0,2883.0,22967.0
2023,West Chicago Avenue,10,2197.0,3382.0,7665.0
2023,West Englewood,10,1465.0,2885.0,9744.0
2023,West Lawn,10,7302.0,2478.0,13569.0
2023,West Loop,10,18737.0,1637.0,23173.0
2023,West Pullman,10,3325.0,4629.0,23966.0
2023,West Town,10,18885.0,4329.0,29180.0
2023,"Whitney M. Young, Jr.",10,3068.0,6402.0,14232.0
2023,Woodson Regional,10,8480.0,12663.0,24108.0
2023,Wrightwood-Ashburn,10,3213.0,2701.0,24157.0
