,BRANCH,LOCATION,geometry,LATITUDE,LONGITUDE
0,Albany Park,"(41.97557881655979, -87.71361314512697)","POLYGON ((-87.713613 41.984129, -87.708613 41.980947, -87.70834 41.979852, -87.707389 41.978803, -87.706487 41.978579, -87.705789 41.977403, -87.703613 41.977018, -87.703103 41.976089, -87.702126 41.975579, -87.710613 41.96858, -87.713613 41.967082, -87.716184 41.968579, -87.717755 41.970437, -87.720051 41.971579, -87.719613 41.972659, -87.722164 41.973028, -87.725027 41.975579, -87.719513 41.976478, -87.719613 41.976845, -87.721048 41.977144, -87.72086 41.978826, -87.717613 41.981066, -87.716613 41.982571, -87.713613 41.984129), (-87.720893 41.974859, -87.720422 41.97477, -87.720399 41.973579, -87.719168 41.973024, -87.718613 41.971998, -87.716613 41.972026, -87.715558 41.971634, -87.71613 41.970579, -87.715613 41.969696, -87.713613 41.968531, -87.710613 41.969998, -87.704033 41.975579, -87.705986 41.977206, -87.707847 41.977345, -87.708152 41.979039, -87.713613 41.982649, -87.716613 41.980962, -87.720471 41.977579, -87.719613 41.977148, -87.719469 41.976435, -87.723075 41.975579, -87.721613 41.974188, -87.720893 41.974859))",41.97557881655979,-87.71361314512697
1,Altgeld,"(41.65719847558056, -87.59883829075173)","POLYGON ((-87.590838 41.654817, -87.593838 41.654445, -87.594838 41.653469, -87.598838 41.653366, -87.600162 41.652522, -87.602236 41.652596, -87.602838 41.651716, -87.604551 41.652485, -87.605838 41.654308, -87.606838 41.653989, -87.607657 41.656198, -87.607271 41.657198, -87.605441 41.657801, -87.604838 41.659507, -87.602838 41.659828, -87.602007 41.65903, -87.600853 41.659198, -87.600479 41.659839, -87.598838 41.659945, -87.598288 41.660648, -87.596977 41.66106, -87.594838 41.660228, -87.593452 41.658585, -87.592996 41.656041, -87.591103 41.655934, -87.590456 41.655198, -87.590838 41.654817), (-87.594838 41.653786, -87.593838 41.654686, -87.592637 41.654997, -87.59333 41.655707, -87.593838 41.657763, -87.594838 41.657859, -87.597838 41.660244, -87.598838 41.659682, -87.599838 41.659807, -87.600838 41.65884, -87.604138 41.658498, -87.605965 41.656198, -87.603838 41.65346, -87.599838 41.652743, -87.598838 41.653449, -87.594838 41.653786))",41.65719847558056,-87.59883829075173
2,Archer Heights,"(41.80110836194246, -87.72648385568911)","POLYGON ((-87.726484 41.809327, -87.723484 41.808404, -87.72089 41.806702, -87.718828 41.806765, -87.717371 41.806221, -87.717614 41.804108, -87.718012 41.803637, -87.719625 41.80325, -87.719685 41.802108, -87.719056 41.801536, -87.717354 41.801108, -87.722484 41.795068, -87.723484 41.794787, -87.724918 41.795542, -87.728484 41.793623, -87.731484 41.795501, -87.732009 41.796584, -87.732484 41.796857, -87.733484 41.796575, -87.737575 41.799108, -87.737513 41.800079, -87.734948 41.803572, -87.727484 41.809216, -87.726484 41.809327), (-87.719484 41.805548, -87.721484 41.805403, -87.722484 41.806378, -87.724484 41.807161, -87.726484 41.807927, -87.727484 41.807809, -87.733376 41.803108, -87.735681 41.800108, -87.733573 41.798108, -87.728484 41.795066, -87.726397 41.796021, -87.725484 41.797053, -87.724484 41.79708, -87.723484 41.796309, -87.722484 41.796611, -87.721484 41.798673, -87.719563 41.800108, -87.719792 41.803108, -87.718649 41.804108, -87.718767 41.805108, -87.719484 41.805548))",41.80110836194246,-87.72648385568911
3,Austin,"(41.88917312206642, -87.7658203582574)","POLYGON ((-87.76482 41.880904, -87.76582 41.881507, -87.76682 41.881225, -87.77652 41.888173, -87.775813 41.890173, -87.772719 41.893173, -87.76682 41.897393, -87.76482 41.897281, -87.758339 41.892655, -87.754721 41.889173, -87.75682 41.886565, -87.75982 41.884169, -87.76182 41.88347, -87.76282 41.882147, -87.76482 41.880904), (-87.76298 41.894173, -87.76482 41.895952, -87.76682 41.895817, -87.769057 41.89441, -87.774961 41.889173, -87.7742 41.888173, -87.767735 41.883259, -87.76682 41.882733, -87.76582 41.882971, -87.76482 41.882386, -87.758121 41.887173, -87.75688 41.889173, -87.757576 41.890418, -87.76298 41.894173))",41.88917312206642,-87.7658203582574
4,Austin-Irving,"(41.95312267684315, -87.77928489355646)","POLYGON ((-87.787229 41.950123, -87.787127 41.95128, -87.789285 41.951667, -87.790581 41.953123, -87.786483 41.956321, -87.785993 41.957123, -87.784285 41.958163, -87.783122 41.957959, -87.782285 41.959995, -87.779285 41.961671, -87.768474 41.954123, -87.767722 41.953123, -87.776285 41.946198, -87.779285 41.944588, -87.780903 41.946123, -87.783127 41.947123, -87.786285 41.949298, -87.787229 41.950123), (-87.776285 41.947696, -87.769723 41.953123, -87.77047 41.954123, -87.779285 41.960151, -87.780285 41.959966, -87.784124 41.957123, -87.785097 41.954934, -87.787285 41.954366, -87.788581 41.953123, -87.787926 41.952123, -87.786748 41.95166, -87.784285 41.949274, -87.779285 41.946188, -87.776285 41.947696))",41.95312267684315,-87.77928489355646
5,Avalon,"(41.746393038286826, -87.5860053710736)","POLYGON ((-87.586005 41.755296, -87.585005 41.754811, -87.581354 41.752393, -87.581125 41.750393, -87.580005 41.750616, -87.576687 41.748393, -87.576435 41.746393, -87.577311 41.744699, -87.576736 41.743393, -87.577005 41.74268, -87.580005 41.741697, -87.585005 41.737508, -87.586005 41.737442, -87.589005 41.739623, -87.591005 41.741911, -87.592659 41.742739, -87.593005 41.743725, -87.594005 41.743238, -87.594711 41.743687, -87.596336 41.745393, -87.596462 41.746393, -87.594886 41.748393, -87.59234 41.750393, -87.592416 41.751393, -87.589523 41.75291, -87.589005 41.754271, -87.587005 41.754058, -87.586005 41.755296), (-87.594005 41.744722, -87.593005 41.744379, -87.592005 41.743259, -87.591005 41.743753, -87.589005 41.741098, -87.586005 41.739126, -87.585005 41.739029, -87.581079 41.742467, -87.580005 41.74326, -87.578348 41.743736, -87.577973 41.744361, -87.578577 41.748393, -87.580005 41.74921, -87.581005 41.749008, -87.582005 41.749801, -87.58301 41.749393, -87.583372 41.752026, -87.586005 41.753708, -87.590218 41.751393, -87.59317 41.747393, -87.594763 41.746393, -87.594005 41.744722))",41.746393038286826,-87.5860053710736
6,Back of the Yards,"(41.808384423666354, -87.67756963874196)","POLYGON ((-87.678498 41.807456, -87.678424 41.805239, -87.679969 41.804784, -87.68005 41.804384, -87.67954 41.803414, -87.67657 41.801499, -87.672404 41.805219, -87.667918 41.808384, -87.668565 41.809384, -87.67157 41.811362, -87.67257 41.811813, -87.673719 41.811235, -87.673704 41.812384, -87.67412324502018 41.81268705702382, -87.67386 41.812675, -87.67257 41.813372, -87.67157 41.8129, -87.66757 41.810297, -87.665941 41.808384, -87.67057 41.80474, -87.671957 41.804771, -87.673494 41.802384, -87.67657 41.800154, -87.67957 41.801568, -87.680287 41.804667, -87.68192 41.804034, -87.684507 41.804384, -87.689225 41.808384, -87.68557 41.811606, -87.68357 41.812545, -87.682796 41.812158, -87.682614 41.81134, -87.682447 41.812262, -87.681752 41.812567, -87.680169 41.811785, -87.680714 41.809384, -87.679671 41.809283, -87.679324 41.811139, -87.678487 41.811302, -87.678264 41.812078, -87.67557 41.81215, -87.674908 41.812723, -87.67484206377107 41.81271998002005, -87.67557 41.811944, -87.678128 41.811943, -87.67846 41.811275, -87.679244 41.811059, -87.67957 41.809267, -87.680772 41.809384, -87.680828 41.811126, -87.68157 41.81182, -87.682213 41.811028, -87.68357 41.811053, -87.68557 41.810066, -87.687159 41.808384, -87.68257 41.804724, -87.68157 41.804479, -87.680378 41.805192, -87.679838 41.807384, -87.678498 41.807456))",41.808384423666354,-87.67756963874196
7,Beverly,"(41.72118978926962, -87.67214620967468)","POLYGON ((-87.665146 41.71758, -87.668146 41.714654, -87.672146 41.71252, -87.680146 41.718429, -87.681146 41.718785, -87.683746 41.72119, -87.680146 41.724121, -87.678936 41.723979, -87.676578 41.726621, -87.676146 41.726954, -87.675146 41.72676, -87.674146 41.728131, -87.673146 41.727119, -87.672146 41.726798, -87.671146 41.728356, -87.669146 41.728202, -87.666146 41.726509, -87.665135 41.72419, -87.662146 41.72348, -87.660102 41.72219, -87.659636 41.72119, -87.66402 41.717064, -87.665146 41.71758), (-87.666902 41.723945, -87.667313 41.724023, -87.666905 41.72519, -87.669146 41.726629, -87.670146 41.727101, -87.672036 41.72608, -87.673146 41.726027, -87.674146 41.726686, -87.679293 41.72319, -87.678244 41.72219, -87.679427 41.721909, -87.680146 41.722564, -87.681518 41.72119, -87.680879 41.72019, -87.672146 41.713981, -87.668187 41.71619, -87.668359 41.717402, -87.667146 41.717256, -87.66586 41.717904, -87.664423 41.719466, -87.663146 41.719772, -87.661702 41.72119, -87.662906 41.72243, -87.665569 41.723767, -87.666146 41.724852, -87.666902 41.723945))",41.72118978926962,-87.67214620967468
8,Bezazian,"(41.97155143669217, -87.66095347964183)","POLYGON ((-87.660953 41.964458, -87.658953 41.965453, -87.65836163022024 41.96556258716822, -87.65883807782865 41.96444733898016, -87.658851 41.964449, -87.660953 41.962988, -87.669303 41.968551, -87.668402 41.970551, -87.669927 41.971551, -87.66999 41.973551, -87.664953 41.977346, -87.663953 41.976968, -87.662953 41.977158, -87.659953 41.979332, -87.658953 41.978751, -87.655953 41.9769, -87.650751 41.972754, -87.649897 41.971495, -87.650476 41.970551, -87.654606 41.967204, -87.65489298404057 41.96675512752629, -87.655247 41.96681, -87.6567898420874 41.96646660542394, -87.656168 41.967551, -87.651784 41.971551, -87.652508 41.972551, -87.656738 41.975767, -87.659953 41.977722, -87.663542 41.97514, -87.664274 41.975231, -87.664953 41.975915, -87.668553 41.972551, -87.667249 41.971256, -87.662669 41.970835, -87.662659 41.970257, -87.663953 41.968975, -87.66714 41.968551, -87.664991 41.967551, -87.662953 41.965631, -87.660953 41.964458))",41.97155143669217,-87.66095347964183
9,Blackstone,"(41.80549277198318, -87.58923748614112)","POLYGON ((-87.585237 41.798152, -87.586237 41.798694, -87.587237 41.797138, -87.592237 41.799582, -87.594413 41.801493, -87.597237 41.803008, -87.598237 41.804459, -87.599906 41.805493, -87.599676 41.806493, -87.597815 41.80807, -87.597524 41.809493, -87.595927 41.811182, -87.595455 41.812493, -87.594237 41.812666, -87.592771 41.811959, -87.592395 41.811335, -87.591237 41.812346, -87.589668 41.811062, -87.58803 41.8107, -87.58929 41.807546, -87.588417 41.807313, -87.588237 41.806054, -87.587554 41.806809, -87.586237 41.806872, -87.585237 41.806436, -87.583895 41.804835, -87.581436 41.803493, -87.582462 41.802717, -87.583338 41.799593, -87.585237 41.798152), (-87.597882 41.806493, -87.597971 41.805493, -87.591348 41.800493, -87.587237 41.798542, -87.584225 41.80048, -87.58288 41.80285, -87.583201 41.803493, -87.584237 41.803834, -87.586237 41.805565, -87.588348 41.805382, -87.588733 41.806998, -87.589509 41.807493, -87.5897 41.809493, -87.58905 41.810493, -87.589982 41.810748, -87.590237 41.811237, -87.592237 41.811153, -87.593237 41.811504, -87.594282 41.811493, -87.596183 41.807493, -87.597882 41.806493))",41.80549277198318,-87.58923748614112
10,Brainerd,"(41.73244482025524, -87.65772892721816)","POLYGON ((-87.654025 41.727149, -87.653287 41.726445, -87.657729 41.723844, -87.658999 41.724445, -87.659763 41.725411, -87.660729 41.725651, -87.664729 41.728901, -87.665729 41.729248, -87.667729 41.731166, -87.668749 41.731424, -87.66884 41.732556, -87.666729 41.733981, -87.665676 41.735445, -87.658729 41.740657, -87.657729 41.740283, -87.656729 41.740457, -87.647986 41.734188, -87.646587 41.732587, -87.647729 41.731013, -87.652729 41.726839, -87.653494 41.72768, -87.653904 41.72762, -87.654025 41.727149), (-87.648841 41.733332, -87.649729 41.733586, -87.656729 41.738997, -87.658729 41.739068, -87.667018 41.732445, -87.665729 41.730645, -87.664639 41.730535, -87.662729 41.728638, -87.657729 41.725549, -87.652729 41.728386, -87.64819 41.732445, -87.648841 41.733332))",41.73244482025524,-87.65772892721816
11,Brighton Park,"(41.81516027827089, -87.70273371160454)","POLYGON ((-87.699734 41.822696, -87.698734 41.822414, -87.697734 41.821573, -87.696734 41.821732, -87.695859 41.821035, -87.694734 41.821023, -87.693734 41.820392, -87.694046 41.818848, -87.691464 41.81516, -87.693734 41.813734, -87.700294 41.80816, -87.702734 41.807516, -87.703734 41.806864, -87.711371 41.809523, -87.712295 41.81316, -87.712002 41.81416, -87.712792 41.815219, -87.71079 41.817216, -87.708734 41.818153, -87.705734 41.816577, -87.705734 41.817983, -87.707243 41.82016, -87.705157 41.820584, -87.704734 41.822356, -87.703734 41.822127, -87.701734 41.823026, -87.700734 41.822254, -87.699734 41.822696), (-87.695734 41.819896, -87.699734 41.82117, -87.700734 41.820286, -87.701734 41.821477, -87.703734 41.820449, -87.704734 41.820678, -87.705711 41.81916, -87.705601 41.816028, -87.706854 41.81604, -87.708734 41.816715, -87.711197 41.81516, -87.709778 41.81416, -87.71013 41.81316, -87.709734 41.810643, -87.703734 41.808337, -87.702734 41.809222, -87.701734 41.809069, -87.700734 41.809456, -87.693485 41.81516, -87.695158 41.817736, -87.695734 41.819896))",41.81516027827089,-87.70273371160454
12,Bucktown-Wicker Park,"(41.91235487836141, -87.68029967133904)","POLYGON ((-87.690844 41.914355, -87.689375 41.916355, -87.688915 41.917971, -87.6853 41.919475, -87.6843 41.919243, -87.6823 41.920322, -87.6813 41.919979, -87.6803 41.920564, -87.6773 41.919134, -87.6723 41.915568, -87.669051 41.912355, -87.669918 41.911355, -87.669872 41.910355, -87.671533 41.908588, -87.671825 41.906881, -87.672392 41.906447, -87.6753 41.905982, -87.6773 41.904672, -87.6783 41.905606, -87.6793 41.904858, -87.6803 41.904882, -87.6813 41.905836, -87.6823 41.905489, -87.6833 41.905915, -87.6883 41.909221, -87.690495 41.911355, -87.690822 41.912355, -87.690494 41.913355, -87.690844 41.914355), (-87.6763 41.906761, -87.673419 41.907474, -87.672852 41.909355, -87.671876 41.910355, -87.671905 41.911355, -87.670946 41.912355, -87.672795 41.914355, -87.6793 41.918715, -87.6803 41.919175, -87.6813 41.918431, -87.6823 41.918696, -87.6843 41.917775, -87.6853 41.918003, -87.687144 41.917199, -87.688824 41.914355, -87.688129 41.913355, -87.688802 41.912355, -87.688361 41.911294, -87.6833 41.907293, -87.6823 41.906825, -87.6813 41.907053, -87.6803 41.906224, -87.6783 41.906949, -87.6773 41.906082, -87.6763 41.906761))",41.91235487836141,-87.68029967133904
13,Budlong Woods,"(41.98369797603738, -87.69631576617253)","POLYGON ((-87.689316 41.97887, -87.691316 41.976864, -87.692316 41.976313, -87.693316 41.976498, -87.694316 41.97606, -87.695143 41.976871, -87.697316 41.977247, -87.699316 41.97826, -87.702206 41.980808, -87.704316 41.981607, -87.705637 41.982698, -87.705294 41.983698, -87.706316 41.984078, -87.706533 41.984698, -87.704879 41.987262, -87.705545 41.988698, -87.704976 41.989359, -87.703316 41.989959, -87.701754 41.98926, -87.700316 41.989162, -87.699733 41.989698, -87.700749 41.990698, -87.700316 41.991074, -87.697316 41.992034, -87.696316 41.991279, -87.695316 41.991708, -87.689316 41.987367, -87.688473 41.984541, -87.686999 41.985015, -87.685594 41.983698, -87.688316 41.981386, -87.689316 41.97887), (-87.689316 41.980343, -87.688949 41.981698, -87.68767 41.982698, -87.687741 41.983698, -87.688893 41.984121, -87.689316 41.985882, -87.693316 41.988523, -87.695316 41.990397, -87.696316 41.990145, -87.697316 41.990708, -87.699316 41.990005, -87.699704 41.989086, -87.700316 41.98884, -87.702316 41.988379, -87.703316 41.988542, -87.703806 41.988188, -87.703715 41.986698, -87.704923 41.984698, -87.702874 41.98214, -87.700316 41.98122, -87.699316 41.979675, -87.697316 41.978575, -87.694316 41.977503, -87.692316 41.977836, -87.689316 41.980343))",41.98369797603738,-87.69631576617253
14,Canaryville,"(41.81634394084193, -87.64256827550598)","POLYGON ((-87.646851 41.815344, -87.646416 41.815344, -87.646287 41.813063, -87.646988 41.812344, -87.64583 41.812083, -87.645568 41.81127, -87.643568 41.809611, -87.642568 41.809583, -87.640568 41.81049, -87.637568 41.812721, -87.636712 41.815488, -87.634568 41.814964, -87.632933 41.816344, -87.640568 41.82217, -87.641568 41.822218, -87.642568 41.82165, -87.643568 41.822974, -87.645902 41.820678, -87.647371 41.820146, -87.649089 41.818344, -87.648887 41.817344, -87.648081 41.816831, -87.64816502128586 41.81622153828262, -87.648222 41.816691, -87.650834 41.818344, -87.649326 41.820102, -87.647982 41.820758, -87.646202 41.820978, -87.64583 41.822605, -87.643568 41.824439, -87.642066 41.823846, -87.640568 41.82381, -87.639568 41.821951, -87.638568 41.822013, -87.636568 41.81999, -87.63443 41.819344, -87.631096 41.816344, -87.634568 41.81346, -87.635852 41.81406, -87.636253 41.815344, -87.636669 41.815444, -87.63682 41.813092, -87.635978 41.812344, -87.639681 41.809456, -87.641568 41.809075, -87.642568 41.808185, -87.643568 41.808203, -87.645568 41.80977, -87.646125 41.811787, -87.64892 41.812344, -87.64785 41.813626, -87.6479832958575 41.814724257535545, -87.647568 41.813874, -87.646811 41.814587, -87.646851 41.815344))",41.81634394084193,-87.64256827550598
15,Chicago Bee,"(41.82824306445502, -87.6263495444489)","POLYGON ((-87.631587 41.824243, -87.630076 41.825243, -87.63024 41.830353, -87.630673 41.830243, -87.63135 41.828648, -87.634296 41.831243, -87.632949 41.831842, -87.63035 41.834538, -87.626803 41.836696, -87.62635 41.836864, -87.62535 41.836263, -87.62422879888852 41.83544892194945, -87.625025 41.834751, -87.62434644321063 41.8340221527504, -87.62635 41.835449, -87.629964 41.833243, -87.63227 41.831243, -87.63135 41.830178, -87.630185 41.830407, -87.629695 41.823243, -87.62635 41.821221, -87.62435 41.822203, -87.6205581492241 41.825309457722796, -87.61949142077253 41.82454817751705, -87.62435 41.820605, -87.625503 41.820397, -87.62635 41.819609, -87.629614 41.822243, -87.631723 41.823243, -87.631587 41.824243))",41.82824306445502,-87.6263495444489
16,Chicago Lawn,"(41.7819767986214, -87.7033680880769)","POLYGON ((-87.701368 41.774202, -87.703368 41.773264, -87.712516 41.779977, -87.713811 41.781977, -87.712923 41.783532, -87.704368 41.790323, -87.703368 41.790688, -87.702368 41.790141, -87.692802 41.782977, -87.6936 41.781977, -87.693346 41.780977, -87.695368 41.778872, -87.701368 41.774202), (-87.695794 41.780403, -87.695655 41.781977, -87.694781 41.782977, -87.703368 41.789218, -87.71172 41.782977, -87.712237 41.781977, -87.711644 41.780977, -87.708368 41.778211, -87.705977 41.776977, -87.703368 41.774753, -87.701368 41.775657, -87.695794 41.780403))",41.7819767986214,-87.7033680880769
17,Chinatown,"(41.85412074173438, -87.63195792246246)","POLYGON ((-87.622351 41.854121, -87.622233 41.853121, -87.624958 41.850566, -87.625958 41.850382, -87.628216 41.848379, -87.63059511566982 41.848274696390256, -87.629958 41.850406, -87.628958 41.849295, -87.625958 41.851903, -87.624802 41.852121, -87.624383 41.854121, -87.623172 41.855121, -87.625222 41.857121, -87.624992 41.858121, -87.626958 41.859434, -87.627958 41.859115, -87.629958 41.860606, -87.631687 41.859849, -87.633212 41.860375, -87.634377 41.85854, -87.636813 41.858121, -87.635498 41.857581, -87.63555 41.856713, -87.636958 41.855181, -87.637958 41.854734, -87.638958 41.855049, -87.639475 41.853638, -87.641338 41.853121, -87.640265 41.852121, -87.640008 41.850071, -87.637958 41.849663, -87.634958 41.848286, -87.633958 41.848382, -87.631958 41.847146, -87.63133995765381 41.84750917440118, -87.631958 41.84567, -87.633104 41.846121, -87.633198 41.847121, -87.633958 41.847517, -87.636958 41.847747, -87.641376 41.849121, -87.641325 41.851121, -87.643009 41.85207, -87.64329 41.853121, -87.641855 41.854018, -87.639809 41.853972, -87.639851 41.855121, -87.638251 41.858414, -87.636958 41.858769, -87.634958 41.85855, -87.634295 41.859121, -87.633958 41.860708, -87.632958 41.860837, -87.631808 41.859971, -87.629958 41.862012, -87.627958 41.860292, -87.626958 41.860918, -87.623547 41.858532, -87.623241 41.857121, -87.621688 41.856121, -87.621338 41.855121, -87.622351 41.854121))",41.85412074173438,-87.63195792246246
18,Clearing,"(41.776652677565934, -87.78218757614671)","POLYGON ((-87.793574 41.776653, -87.792742 41.777653, -87.79151 41.777976, -87.791188 41.778879, -87.786264 41.782729, -87.78461 41.783075, -87.784188 41.783878, -87.781188 41.784671, -87.776198 41.781653, -87.775393 41.780447, -87.772251 41.778589, -87.770729 41.776653, -87.775437 41.772903, -87.776188 41.772635, -87.778411 41.772876, -87.781188 41.770004, -87.782188 41.770054, -87.783188 41.771064, -87.785188 41.770463, -87.785703 41.771137, -87.793089 41.775653, -87.793574 41.776653), (-87.786188 41.772632, -87.78501 41.77283, -87.784319 41.771521, -87.78322 41.771653, -87.783507 41.772653, -87.783034 41.772806, -87.783165 41.771653, -87.781188 41.770732, -87.780188 41.771107, -87.778631 41.773096, -87.776312 41.773653, -87.772741 41.776653, -87.774188 41.77839, -87.777581 41.78026, -87.778188 41.781398, -87.781188 41.783206, -87.783188 41.782345, -87.784188 41.782824, -87.791698 41.776653, -87.788091 41.773653, -87.786188 41.772632))",41.776652677565934,-87.78218757614671
19,Coleman,"(41.78028267185317, -87.60712228979007)","POLYGON ((-87.614122 41.776574, -87.618657 41.780283, -87.613942 41.784283, -87.612101 41.785261, -87.611217 41.786378, -87.607973 41.787133, -87.606122 41.78824, -87.605122 41.787777, -87.597886 41.782519, -87.597122 41.780861, -87.596122 41.781121, -87.595706 41.780283, -87.604694 41.772855, -87.607122 41.771781, -87.614122 41.776574), (-87.609122 41.786464, -87.616607 41.780283, -87.611122 41.775794, -87.607122 41.773296, -87.604122 41.77492, -87.597649 41.780283, -87.598106 41.781283, -87.605122 41.786416, -87.606122 41.78682, -87.607219 41.786379, -87.609122 41.786464))",41.78028267185317,-87.60712228979007
20,"Daley, Richard J. - Bridgeport","(41.8327976771251, -87.64629980794813)","POLYGON ((-87.637469 41.830798, -87.638251 41.829798, -87.64485 41.824798, -87.6463 41.824169, -87.648074 41.826023, -87.6493 41.826267, -87.651398 41.827699, -87.656347 41.831798, -87.653703 41.833798, -87.654337 41.834798, -87.653971 41.835798, -87.650506 41.839004, -87.6483 41.840503, -87.6473 41.84035, -87.6463 41.841517, -87.6453 41.841018, -87.644279 41.839818, -87.6423 41.838922, -87.637222 41.834798, -87.638561 41.834059, -87.639124 41.832798, -87.639055 41.832042, -87.637469 41.830798), (-87.65345 41.830647, -87.6503 41.828385, -87.6473 41.826882, -87.6463 41.825747, -87.644233 41.82673, -87.639464 41.830798, -87.641999 41.831798, -87.639616 41.833798, -87.639123 41.834798, -87.6463 41.840011, -87.652315 41.835798, -87.6523 41.833395, -87.654225 41.831798, -87.65345 41.830647))",41.8327976771251,-87.64629980794813
21,"Daley, Richard M. - W. Humboldt","(41.894726658545295, -87.7063841773407)","POLYGON ((-87.7053200375881 41.902834159279564, -87.704384 41.901856, -87.702384 41.901067, -87.699213 41.897898, -87.696014 41.895727, -87.696384 41.894496, -87.699663 41.893727, -87.699357 41.892727, -87.700589 41.891931, -87.701129 41.889471, -87.702369 41.888711, -87.703588 41.88893, -87.70531 41.886652, -87.706384 41.886029, -87.708706 41.887727, -87.708232 41.888879, -87.711384 41.889503, -87.715384 41.892579, -87.716955 41.895727, -87.712826 41.898727, -87.71247 41.900812, -87.70758638911649 41.90309345093575, -87.706519 41.902556, -87.7053200375881 41.902834159279564), (-87.706384 41.901826, -87.708384 41.900709, -87.710384 41.900165, -87.711384 41.898362, -87.714887 41.895727, -87.714384 41.89361, -87.709553 41.889558, -87.708384 41.889202, -87.706384 41.887583, -87.702913 41.889727, -87.70106 41.891403, -87.700936 41.893727, -87.700023 41.894365, -87.698228 41.89457, -87.697971 41.895727, -87.700384 41.89704, -87.703843 41.900268, -87.706384 41.901826))",41.894726658545295,-87.7063841773407
22,Douglass,"(41.86441239309047, -87.71017465670012)","POLYGON ((-87.72058 41.864412, -87.719421 41.865412, -87.719451 41.866412, -87.718336 41.867412, -87.714821 41.869412, -87.71424 41.870477, -87.711175 41.872722, -87.710175 41.872649, -87.706803 41.870412, -87.707747 41.869412, -87.706922 41.869159, -87.706175 41.870093, -87.705175 41.86984, -87.700031 41.866412, -87.699845 41.865412, -87.700981 41.862219, -87.702045 41.861283, -87.703175 41.860955, -87.706175 41.858203, -87.710175 41.85608, -87.718175 41.861264, -87.72058 41.864412), (-87.714933 41.868412, -87.717175 41.866657, -87.718606 41.864412, -87.717449 41.862412, -87.710175 41.857636, -87.704175 41.861335, -87.701245 41.864412, -87.701317 41.865412, -87.705175 41.86839, -87.709336 41.869251, -87.708769 41.870412, -87.709175 41.870701, -87.710175 41.871371, -87.711175 41.871402, -87.712494 41.870412, -87.712306 41.869412, -87.714933 41.868412))",41.86441239309047,-87.71017465670012
23,Dunning,"(41.94319949471892, -87.81395164414246)","POLYGON ((-87.80265 41.943199, -87.809952 41.937055, -87.813952 41.934805, -87.821952 41.940156, -87.824872 41.942279, -87.825517 41.943199, -87.818952 41.948923, -87.815728 41.950976, -87.813952 41.951382, -87.812276 41.950875, -87.808965 41.948186, -87.805952 41.946465, -87.803083 41.944199, -87.80265 41.943199), (-87.804596 41.943199, -87.805952 41.944952, -87.812952 41.949845, -87.814952 41.950126, -87.820606 41.946199, -87.823597 41.943199, -87.816952 41.937996, -87.813952 41.936499, -87.810811 41.938058, -87.804596 41.943199))",41.94319949471892,-87.81395164414246
24,Edgebrook,"(41.997213372156295, -87.76211751799003)","POLYGON ((-87.763711 41.993213, -87.764118 41.994382, -87.762008 41.994323, -87.76119226300719 41.99329750206618, -87.761837 41.993494, -87.762035 41.994296, -87.763201 41.994296, -87.76335 41.992981, -87.762617 41.992213, -87.762953 41.991049, -87.763837 41.991494, -87.765306 41.991401, -87.766118 41.989659, -87.767063 41.991213, -87.766978 41.992353, -87.768118 41.992442, -87.769629 41.994213, -87.769719 41.996213, -87.773544 41.997213, -87.770856 41.998213, -87.772325 41.999006, -87.772425 42.000213, -87.771118 42.000603, -87.768118 42.002792, -87.763118 42.004047, -87.762118 42.004707, -87.761118 42.003536, -87.758118 42.004395, -87.755994 42.003213, -87.756294 42.002037, -87.755118 42.002376, -87.753118 42.000361, -87.752382 41.999213, -87.753423 41.998519, -87.753356 41.997975, -87.75276 41.997855, -87.752118 41.998639, -87.751118 41.998229, -87.750441 41.997213, -87.751118 41.996451, -87.752243 41.996213, -87.751724 41.995213, -87.753089 41.993185, -87.755792 41.991888, -87.757118 41.991754, -87.757905 41.992426, -87.759118 41.992438, -87.760118 41.991511, -87.76082 41.992213, -87.76088651232965 41.99291312978585, -87.760118 41.991947, -87.759118 41.992622, -87.755469 41.993565, -87.753377 41.995213, -87.753466 41.996213, -87.752558 41.997213, -87.753678 41.997653, -87.755585 42.001213, -87.758118 42.003009, -87.761118 42.002405, -87.762118 42.003112, -87.766118 42.001652, -87.767118 42.00173, -87.770809 41.999213, -87.77057 41.998213, -87.771484 41.997213, -87.769011 41.996213, -87.768245 41.994086, -87.766535 41.992796, -87.766118 41.991392, -87.764149 41.992245, -87.763711 41.993213))",41.997213372156295,-87.76211751799003
25,Edgewater,"(41.99095923823291, -87.660442745415)","POLYGON ((-87.665761 41.985959, -87.666443 41.987176, -87.670443 41.989313, -87.671931 41.990959, -87.668761 41.993959, -87.663443 41.997825, -87.660443 41.99946, -87.659443 41.999086, -87.654168 41.995234, -87.653646 41.989163, -87.654058 41.986575, -87.659443 41.982385, -87.660443 41.982376, -87.664443 41.985519, -87.665761 41.985959), (-87.669513 41.989959, -87.668443 41.989216, -87.667443 41.988851, -87.666278 41.989124, -87.66629 41.987959, -87.665443 41.987205, -87.664249 41.987153, -87.663443 41.985844, -87.660443 41.983772, -87.659443 41.983929, -87.657443 41.985959, -87.654946 41.987463, -87.653994 41.988511, -87.653734 41.989959, -87.65408 41.993322, -87.660443 41.998124, -87.665942 41.994459, -87.669911 41.990959, -87.669513 41.989959))",41.99095923823291,-87.660442745415
26,Gage Park,"(41.79357525220078, -87.69413004003073)","POLYGON ((-87.694768 41.801214, -87.69413 41.802214, -87.684209 41.795575, -87.683022 41.794575, -87.68265 41.793575, -87.68413 41.792367, -87.68513 41.792967, -87.687135 41.79258, -87.684875 41.791575, -87.68813 41.789462, -87.69313 41.785243, -87.69513 41.785703, -87.69713 41.786894, -87.698927 41.788575, -87.705061 41.792644, -87.705652 41.793575, -87.69768 41.800125, -87.696451 41.800896, -87.694768 41.801214), (-87.693499 41.786944, -87.69213 41.787615, -87.689061 41.790506, -87.6871 41.791575, -87.687416 41.792861, -87.684559 41.793575, -87.68613 41.795396, -87.689073 41.797632, -87.69413 41.800747, -87.696461 41.799575, -87.703631 41.793575, -87.70213 41.792044, -87.69513 41.787091, -87.693499 41.786944))",41.79357525220078,-87.69413004003073
27,Galewood-Mont Clare,"(41.9210332601157, -87.79791005523576)","POLYGON ((-87.79191 41.924028, -87.79491 41.925938, -87.79591 41.925511, -87.79791 41.927063, -87.79891 41.927502, -87.79991 41.926395, -87.80091 41.926185, -87.801871 41.924994, -87.80418 41.924033, -87.804453 41.921576, -87.805901 41.920033, -87.802888 41.917055, -87.79891 41.914487, -87.79591 41.916186, -87.79491 41.916132, -87.79391 41.917493, -87.791967 41.918033, -87.791593 41.919716, -87.79062757368283 41.91998540153393, -87.790674 41.919797, -87.791588 41.919033, -87.791666 41.917789, -87.79415 41.917033, -87.79308 41.916033, -87.79391 41.915049, -87.79591 41.914626, -87.79691 41.913658, -87.79891 41.913007, -87.800833 41.914033, -87.801836 41.915108, -87.80291 41.915407, -87.807785 41.920033, -87.805868 41.922033, -87.805594 41.923033, -87.806225 41.924033, -87.80291 41.926294, -87.80191 41.926529, -87.80091 41.927676, -87.79991 41.927613, -87.79891 41.928929, -87.79791 41.928156, -87.79591 41.926973, -87.79491 41.927402, -87.79291 41.925683, -87.79001 41.924033, -87.790123 41.922033, -87.79055285534365 41.92028861424972, -87.790832 41.921033, -87.79028 41.922033, -87.79191 41.924028))",41.9210332601157,-87.79791005523576
28,Garfield Ridge,"(41.792915800399726, -87.78013459023622)","POLYGON ((-87.785135 41.787331, -87.786958 41.790092, -87.788135 41.789695, -87.791397 41.791916, -87.790959 41.792916, -87.789135 41.794262, -87.787135 41.796662, -87.782135 41.800507, -87.778135 41.800779, -87.777135 41.800051, -87.768714 41.794916, -87.768926 41.794124, -87.770116 41.791916, -87.775135 41.787898, -87.778135 41.78611, -87.779328 41.787109, -87.781135 41.785216, -87.785135 41.787331), (-87.779135 41.799963, -87.780135 41.799602, -87.781135 41.79992, -87.786994 41.794916, -87.789406 41.791916, -87.785454 41.789596, -87.783135 41.787479, -87.781135 41.786828, -87.780135 41.788381, -87.778135 41.787626, -87.777135 41.788041, -87.772705 41.791486, -87.770888 41.793916, -87.771141 41.794916, -87.773999 41.797052, -87.779135 41.799963))",41.792915800399726,-87.78013459023622
29,Greater Grand Crossing,"(41.76239541819689, -87.60051216643727)","POLYGON ((-87.589121 41.762395, -87.591089 41.760395, -87.591521 41.759395, -87.59111 41.758395, -87.592512 41.756183, -87.594671 41.756554, -87.597098 41.755982, -87.598191 41.755074, -87.599512 41.754992, -87.601512 41.756332, -87.603085 41.756823, -87.603503 41.757404, -87.604512 41.756578, -87.611012 41.761395, -87.611475 41.762395, -87.610379 41.763395, -87.610512 41.764976, -87.608231 41.766395, -87.608909 41.767395, -87.608874 41.768395, -87.607512 41.768447, -87.605512 41.769495, -87.604512 41.767096, -87.60186140855706 41.76710759633757, -87.604512 41.766652, -87.605512 41.768109, -87.607273 41.767156, -87.608661 41.764395, -87.608247 41.763395, -87.609576 41.762395, -87.609237 41.76167, -87.604512 41.758011, -87.601512 41.758279, -87.599459 41.756449, -87.596623 41.756395, -87.595512 41.757761, -87.59463 41.757277, -87.593895 41.757395, -87.593046 41.758395, -87.593512 41.759799, -87.594118 41.759002, -87.594721 41.759186, -87.594653 41.761537, -87.594041 41.761395, -87.593512 41.760496, -87.591073 41.762395, -87.593148 41.764395, -87.596512 41.766835, -87.60018765765889 41.76711491899774, -87.596512 41.767131, -87.595512 41.767592, -87.590512 41.763934, -87.589121 41.762395))",41.76239541819689,-87.60051216643727
30,Hall,"(41.807377846345496, -87.62263720177272)","POLYGON ((-87.613496 41.807378, -87.613903 41.808378, -87.622637 41.814546, -87.626175 41.812378, -87.629834 41.809378, -87.628988 41.808378, -87.62911102168259 41.807960977347186, -87.630748 41.808267, -87.631816 41.809378, -87.630637 41.810573, -87.629308 41.811048, -87.628637 41.812191, -87.627413 41.812154, -87.626637 41.813684, -87.625407 41.814147, -87.623637 41.815716, -87.622637 41.815975, -87.620661 41.814378, -87.617403 41.812612, -87.612072 41.808378, -87.611495 41.807378, -87.615911 41.803378, -87.618943 41.801683, -87.620637 41.799773, -87.622637 41.798747, -87.627117 41.801898, -87.628273 41.805378, -87.628946 41.806069, -87.62899569870699 41.80686885183978, -87.627637 41.804461, -87.627097 41.805378, -87.626442 41.805378, -87.626359 41.8041, -87.626935 41.803378, -87.626637 41.802877, -87.622637 41.800303, -87.61792 41.803378, -87.613496 41.807378))",41.807377846345496,-87.62263720177272
31,Harold Washington Library Center,"(41.87686252958797, -87.62779697013237)","POLYGON ((-87.621874 41.881785, -87.621295 41.880364, -87.6185 41.878863, -87.617836 41.875863, -87.618308 41.874863, -87.619797 41.873573, -87.622119 41.872185, -87.626797 41.868317, -87.627797 41.868112, -87.635797 41.873596, -87.637326 41.876333, -87.638426 41.876863, -87.636926 41.878992, -87.629797 41.884496, -87.627797 41.885525, -87.626797 41.88494, -87.621874 41.881785), (-87.623455 41.881205, -87.624797 41.881614, -87.625797 41.882859, -87.626797 41.883125, -87.627797 41.883816, -87.629797 41.882828, -87.635797 41.878319, -87.637069 41.876863, -87.634797 41.875053, -87.634051 41.873863, -87.627797 41.869582, -87.622952 41.872863, -87.62179 41.874856, -87.620725 41.874791, -87.619594 41.875863, -87.620552 41.878863, -87.622981 41.879678, -87.623455 41.881205))",41.87686252958797,-87.62779697013237
32,Hegewisch,"(41.65927659861025, -87.54881978393514)","POLYGON ((-87.543913 41.65437, -87.544697 41.653154, -87.54882 41.650808, -87.55182 41.652338, -87.556969 41.657127, -87.55782 41.65737, -87.558522 41.658575, -87.560197 41.659277, -87.559118 41.659575, -87.558462 41.660919, -87.55282 41.665319, -87.55149 41.665607, -87.55082 41.664965, -87.550719 41.666277, -87.54982 41.66734, -87.548715 41.666277, -87.548976 41.663277, -87.54811 41.662986, -87.547887 41.661209, -87.546033 41.661064, -87.54582 41.66017, -87.5431 41.659996, -87.542942 41.658155, -87.542068 41.657277, -87.542575 41.655032, -87.543913 41.65437), (-87.542313 41.657277, -87.543007 41.65809, -87.543209 41.659887, -87.54582 41.660142, -87.546091 41.661006, -87.547904 41.661192, -87.548229 41.662868, -87.549047 41.663277, -87.54982 41.66589, -87.551373 41.66383, -87.552424 41.663881, -87.553389 41.663277, -87.553605 41.662062, -87.55482 41.662143, -87.558251 41.659277, -87.557591 41.658277, -87.55382 41.655822, -87.55182 41.653835, -87.54982 41.652484, -87.54882 41.652306, -87.54482 41.654482, -87.542313 41.657277))",41.65927659861025,-87.54881978393514
33,Humboldt Park,"(41.910332307504966, -87.70551941016132)","POLYGON ((-87.697746 41.906559, -87.699716 41.906529, -87.699938 41.905332, -87.701394 41.904207, -87.703519 41.903953, -87.704519 41.90302, -87.7053200375881 41.902834159279564, -87.706519 41.902556, -87.708366 41.903486, -87.716343 41.909332, -87.716907 41.910332, -87.714553 41.912366, -87.711909 41.913722, -87.710519 41.915586, -87.708519 41.916935, -87.707519 41.918193, -87.705519 41.918574, -87.704519 41.91836, -87.697464 41.913387, -87.694108 41.910332, -87.697746 41.906559), (-87.703519 41.905827, -87.701519 41.905403, -87.700519 41.905825, -87.700007 41.90682, -87.698478 41.907291, -87.696219 41.910332, -87.700519 41.914159, -87.704519 41.916741, -87.705519 41.917103, -87.707519 41.916454, -87.709261 41.914074, -87.710519 41.914078, -87.71474 41.910332, -87.711681 41.907332, -87.706519 41.904091, -87.705458 41.90427, -87.704592 41.905405, -87.703519 41.905827))",41.910332307504966,-87.70551941016132
34,Independence,"(41.95413885986087, -87.7200155607629)","POLYGON ((-87.713136 41.951139, -87.710472 41.954139, -87.719016 41.96032, -87.720016 41.960011, -87.722016 41.960866, -87.727016 41.959268, -87.72769 41.957139, -87.726622 41.956139, -87.728345 41.954139, -87.728182 41.953139, -87.726016 41.952248, -87.72259160850759 41.949621844807616, -87.724179 41.949976, -87.725016 41.950839, -87.728016 41.951506, -87.728558 41.952596, -87.730395 41.953139, -87.730263 41.954139, -87.728514 41.956139, -87.729606 41.957139, -87.728016 41.960333, -87.727016 41.960815, -87.726016 41.960663, -87.723016 41.96205, -87.720342 41.961466, -87.719016 41.961799, -87.70844 41.954139, -87.711108 41.951139, -87.710462 41.950139, -87.71167 41.948139, -87.717096 41.946219, -87.718016 41.946298, -87.718756 41.947398, -87.720326 41.947828, -87.72194338775498 41.949128767869695, -87.720143 41.948139, -87.718016 41.947733, -87.712989 41.949112, -87.71245 41.950139, -87.713136 41.951139))",41.95413885986087,-87.7200155607629
35,Jefferson Park,"(41.96750826032374, -87.76176748220928)","POLYGON ((-87.758767 41.962498, -87.759351 41.961508, -87.762767 41.959647, -87.765393 41.961508, -87.766112 41.962508, -87.767767 41.963055, -87.773504 41.967508, -87.771575 41.969508, -87.77106 41.970508, -87.771275 41.971508, -87.768767 41.973001, -87.767407 41.973148, -87.766701 41.974442, -87.765767 41.974594, -87.763767 41.973976, -87.762975 41.9733, -87.762879 41.972397, -87.761767 41.972145, -87.759767 41.972526, -87.757767 41.973861, -87.754767 41.972173, -87.752132 41.969508, -87.750323 41.968508, -87.750079 41.967508, -87.751767 41.966377, -87.752155 41.964508, -87.753413 41.963508, -87.754767 41.961256, -87.756953 41.961323, -87.758767 41.962498), (-87.761767 41.961294, -87.760731 41.962472, -87.759263 41.963004, -87.758767 41.963105, -87.757697 41.962438, -87.755767 41.962475, -87.754868 41.964609, -87.753204 41.965508, -87.753227 41.966508, -87.752097 41.967508, -87.752262 41.968508, -87.754033 41.969508, -87.755837 41.971439, -87.757767 41.972494, -87.759767 41.970683, -87.759997 41.971279, -87.763129 41.972147, -87.763767 41.973037, -87.764767 41.973297, -87.766767 41.97159, -87.767767 41.971894, -87.76869 41.971508, -87.769659 41.9694, -87.771561 41.967508, -87.769139 41.965508, -87.764202 41.962508, -87.762767 41.961039, -87.761767 41.961294))",41.96750826032374,-87.76176748220928
36,Jeffery Manor,"(41.71340053892868, -87.56573413765888)","POLYGON ((-87.574213 41.714401, -87.57422137917101 41.71395999099981, -87.575242 41.714401, -87.57564 41.715401, -87.574734 41.716704, -87.573734 41.715817, -87.571339 41.716005, -87.570833 41.719401, -87.565734 41.721472, -87.562734 41.719977, -87.561734 41.718865, -87.559529 41.717606, -87.558734 41.716835, -87.558556 41.715401, -87.557734 41.714141, -87.554397 41.713401, -87.554734 41.712912, -87.556734 41.712733, -87.557734 41.71179, -87.558859 41.712525, -87.559696 41.709401, -87.561734 41.707378, -87.565734 41.704673, -87.569061 41.707073, -87.5707 41.710434, -87.572963 41.712171, -87.57355068818478 41.71302185361173, -87.571984 41.71215, -87.570414 41.710721, -87.569734 41.709163, -87.565734 41.706299, -87.564942 41.707608, -87.563275 41.707942, -87.559373 41.71104, -87.558933 41.7126, -87.557734 41.712739, -87.556723 41.713401, -87.557734 41.713859, -87.560734 41.71715, -87.561901 41.716234, -87.562317 41.717817, -87.564734 41.719778, -87.565734 41.720062, -87.56782 41.719487, -87.569534 41.718201, -87.571121 41.715788, -87.573734 41.715336, -87.574213 41.714401))",41.71340053892868,-87.56573413765888
37,Kelly,"(41.78202569697298, -87.63738794358196)","POLYGON ((-87.641521 41.776026, -87.642388 41.777402, -87.643388 41.777362, -87.645388 41.778705, -87.647532 41.781881, -87.646528 41.784026, -87.642388 41.787357, -87.641251 41.787889, -87.638258 41.787896, -87.638072 41.789342, -87.638576 41.790026, -87.637388 41.790729, -87.63623 41.789183, -87.636523 41.787891, -87.634238 41.788176, -87.63219 41.787223, -87.6316211681615 41.78362844917288, -87.632036 41.785378, -87.634388 41.787121, -87.636388 41.787634, -87.637388 41.789218, -87.638175 41.787813, -87.640388 41.787288, -87.643484 41.785026, -87.645004 41.783641, -87.645839 41.782026, -87.643388 41.778879, -87.642388 41.778501, -87.641388 41.777421, -87.640388 41.777364, -87.638727 41.775686, -87.636569 41.775207, -87.63465 41.777288, -87.632388 41.778959, -87.631388 41.779051, -87.630767 41.780026, -87.63141829326331 41.78277282548871, -87.629915 41.780499, -87.628918 41.780026, -87.636388 41.773544, -87.637388 41.77372, -87.639388 41.775439, -87.641521 41.776026))",41.78202569697298,-87.63738794358196
38,King,"(41.83175130060517, -87.61747228078738)","POLYGON ((-87.616472 41.824918, -87.614472 41.826598, -87.613647 41.827751, -87.613638 41.828917, -87.609729 41.830008, -87.608968 41.830751, -87.609004 41.831751, -87.610593 41.832751, -87.611472 41.834314, -87.61269 41.834533, -87.613472 41.836379, -87.617472 41.838865, -87.618472 41.838557, -87.621709 41.835988, -87.622855 41.834751, -87.622709 41.833751, -87.623472 41.833431, -87.62348059678654 41.833405534047436, -87.62434644321061 41.83402215275039, -87.625025 41.834751, -87.62422879888852 41.83544892194945, -87.620472 41.838742, -87.617472 41.840426, -87.611198 41.836026, -87.609225 41.833999, -87.609392 41.832751, -87.607525 41.831751, -87.607145 41.831078, -87.607472 41.830228, -87.609472 41.828401, -87.610958 41.828237, -87.612102 41.827381, -87.613472 41.827135, -87.614472 41.824937, -87.616472 41.823356, -87.617472 41.823107, -87.62055814922408 41.825309457722796, -87.61966837885039 41.82603839834103, -87.617472 41.824703, -87.616472 41.824918))",41.83175130060517,-87.61747228078738
39,Legler Regional,"(41.87934542742433, -87.72547641315548)","POLYGON ((-87.715851 41.881345, -87.715975 41.880345, -87.715301 41.879345, -87.716846 41.877345, -87.719636 41.876505, -87.719476 41.875767, -87.718589 41.875345, -87.725476 41.870605, -87.727857 41.871965, -87.729018 41.873345, -87.73634 41.878345, -87.736403 41.879345, -87.733476 41.882514, -87.730476 41.884399, -87.726729 41.887598, -87.725476 41.888066, -87.723808 41.886013, -87.722476 41.885345, -87.722579 41.884242, -87.721784 41.884653, -87.720476 41.8846, -87.718505 41.882317, -87.715851 41.881345), (-87.728988 41.874345, -87.726857 41.873345, -87.726352 41.87247, -87.725476 41.872193, -87.72233 41.874199, -87.720476 41.875644, -87.719476 41.87706, -87.717316 41.878506, -87.717937 41.881345, -87.720476 41.883109, -87.722893 41.883929, -87.723476 41.884976, -87.725476 41.886506, -87.731822 41.882345, -87.732184 41.881345, -87.73393 41.880345, -87.734541 41.879345, -87.734338 41.878345, -87.731343 41.876479, -87.728988 41.874345))",41.87934542742433,-87.72547641315548
40,Lincoln Belmont,"(41.94046531149621, -87.67102536129381)","POLYGON ((-87.668381 41.947465, -87.662025 41.942683, -87.660898 41.941465, -87.66031 41.939465, -87.662683 41.935123, -87.665025 41.934903, -87.666025 41.934117, -87.667025 41.934565, -87.668025 41.933162, -87.669025 41.933373, -87.669964 41.932404, -87.671025 41.932124, -87.672025 41.933047, -87.673025 41.933198, -87.674023 41.934467, -87.677025 41.935813, -87.682281 41.940465, -87.676223 41.946465, -87.675025 41.948498, -87.671025 41.948951, -87.668381 41.947465), (-87.671025 41.933553, -87.669918 41.934358, -87.668025 41.934812, -87.667025 41.935965, -87.666025 41.935643, -87.663936 41.936376, -87.663238 41.938465, -87.662121 41.939465, -87.663702 41.942465, -87.671025 41.947609, -87.674025 41.946829, -87.675462 41.945465, -87.675835 41.944465, -87.68038 41.940465, -87.6759 41.936591, -87.671025 41.933553))",41.94046531149621,-87.67102536129381
41,Lincoln Park,"(41.92540663614013, -87.65806218385674)","POLYGON ((-87.657062 41.932356, -87.655062 41.93189, -87.654419 41.93105, -87.651426 41.929407, -87.650914 41.928407, -87.64728 41.926407, -87.646608 41.925407, -87.647062 41.924392, -87.648427 41.923771, -87.653805 41.91915, -87.658062 41.91718, -87.660062 41.918018, -87.662987 41.920481, -87.669126 41.924407, -87.669647 41.925407, -87.659062 41.933695, -87.657062 41.932356), (-87.659062 41.932199, -87.667465 41.925407, -87.665883 41.923586, -87.660062 41.919496, -87.658062 41.91854, -87.656062 41.919225, -87.653062 41.921284, -87.648627 41.925407, -87.649211 41.926407, -87.652738 41.928407, -87.653408 41.929407, -87.655062 41.929915, -87.658062 41.93188, -87.659062 41.932199))",41.92540663614013,-87.65806218385674
42,Little Italy,"(41.86946341218242, -87.66072612668584)","POLYGON ((-87.667711 41.873463, -87.663076 41.876463, -87.662592 41.877329, -87.661726 41.877472, -87.658726 41.875469, -87.657475 41.875213, -87.656726 41.875525, -87.655006 41.874463, -87.649762 41.870463, -87.649493 41.869463, -87.650726 41.868074, -87.651479 41.86871, -87.653829 41.868567, -87.653726 41.868067, -87.65224 41.867463, -87.652724 41.866461, -87.65412 41.865857, -87.65535779222255 41.86492703001144, -87.656164 41.865245, -87.65666262492172 41.865296109054476, -87.654726 41.866644, -87.654134 41.867463, -87.654071 41.868808, -87.651307 41.869463, -87.652726 41.871028, -87.654726 41.871894, -87.656381 41.873809, -87.657674 41.874516, -87.659454 41.874735, -87.661726 41.876095, -87.666776 41.872463, -87.669935 41.869463, -87.667559 41.867631, -87.666787 41.866403, -87.664505 41.865685, -87.66317667483521 41.864438410568624, -87.66347874664294 41.86404568376655, -87.664593 41.865596, -87.665726 41.8648, -87.666726 41.865023, -87.669726 41.867776, -87.6715 41.868463, -87.672003 41.869463, -87.667711 41.873463))",41.86946341218242,-87.66072612668584
43,Little Village,"(41.84959155873184, -87.70504118331108)","POLYGON ((-87.697323 41.846873, -87.69983 41.84438, -87.705041 41.840913, -87.714336 41.847592, -87.714545 41.848592, -87.715963 41.849592, -87.713095 41.852592, -87.706733 41.857284, -87.706041 41.858223, -87.705041 41.858402, -87.703524 41.857108, -87.701498 41.856135, -87.697287 41.852346, -87.69433 41.850592, -87.694237 41.849592, -87.695524 41.848592, -87.695829 41.847592, -87.697323 41.846873), (-87.707997 41.844635, -87.70721 41.843592, -87.705041 41.842469, -87.702976 41.843527, -87.6978 41.847592, -87.697379 41.848592, -87.696181 41.849592, -87.696375 41.850592, -87.698041 41.851442, -87.702041 41.854864, -87.705041 41.856807, -87.707041 41.855939, -87.70945 41.853592, -87.709812 41.852362, -87.711041 41.852466, -87.713802 41.849592, -87.711041 41.84662, -87.707997 41.844635))",41.84959155873184,-87.70504118331108
44,Logan Square,"(41.924860376546214, -87.7035190503226)","POLYGON ((-87.702519 41.932594, -87.701519 41.932055, -87.692008 41.92486, -87.693881 41.922223, -87.694042 41.92086, -87.697519 41.919527, -87.698519 41.9197, -87.702519 41.917223, -87.705519 41.919158, -87.707519 41.918934, -87.712519 41.92249, -87.71474 41.92486, -87.713823 41.92586, -87.713775 41.92686, -87.712162 41.92786, -87.709367 41.930708, -87.707519 41.931427, -87.704519 41.931391, -87.702519 41.932594), (-87.705519 41.920648, -87.702519 41.918703, -87.700382 41.919724, -87.698519 41.921278, -87.697519 41.92115, -87.695466 41.921807, -87.695455 41.92286, -87.694015 41.92486, -87.694632 41.925748, -87.697519 41.927527, -87.699519 41.929359, -87.702519 41.931031, -87.705348 41.929689, -87.708519 41.929653, -87.711761 41.92686, -87.71188 41.92586, -87.712999 41.92486, -87.712498 41.923882, -87.711519 41.92362, -87.707519 41.920418, -87.706519 41.920271, -87.705519 41.920648))",41.924860376546214,-87.7035190503226
45,Lozano,"(41.857601233304614, -87.66116376475367)","MULTIPOLYGON (((-87.652614 41.860151, -87.651291 41.859601, -87.650226 41.858601, -87.650129 41.857601, -87.654454 41.853601, -87.658164 41.850897, -87.660122 41.850559, -87.661164 41.849036, -87.662164 41.850845, -87.663164 41.849665, -87.664164 41.851841, -87.665225 41.851601, -87.666164 41.850479, -87.668231 41.851534, -87.668426 41.852601, -87.670793 41.854972, -87.671105 41.856601, -87.671999 41.857601, -87.669667 41.860105, -87.668172 41.860609, -87.666164 41.862563, -87.66397 41.863407, -87.66347874664294 41.864045683766555, -87.66347874664294 41.86404568376655, -87.66317667483521 41.864438410568624, -87.66268174436075 41.86397393461418, -87.665546 41.861601, -87.66501 41.860447, -87.666164 41.861043, -87.669164 41.858903, -87.670044 41.857601, -87.669053 41.856601, -87.669351 41.855601, -87.668869 41.854896, -87.666164 41.851948, -87.664164 41.852063, -87.663164 41.851138, -87.661164 41.850623, -87.660485 41.851923, -87.657754 41.852601, -87.654022 41.855601, -87.652293 41.857601, -87.653401 41.859601, -87.655369 41.860396, -87.65525155970282 41.86060350081833, -87.655291 41.860474, -87.652614 41.860151)), ((-87.65873565291416 41.863862094682375, -87.65997543445613 41.86395228277193, -87.659726 41.864077, -87.65873565291416 41.863862094682375)), ((-87.65666262492172 41.865296109054476, -87.656164 41.865245, -87.65535779222255 41.86492703001144, -87.654985 41.86478, -87.654657 41.863601, -87.652839 41.861601, -87.65507313818473 41.86091874704896, -87.654687 41.861601, -87.656095 41.86367, -87.65872418863283 41.86386126071155, -87.65666262492172 41.865296109054476)))",41.857601233304614,-87.66116376475367
46,Manning,"(41.88108555559726, -87.67923504553734)","POLYGON ((-87.671235 41.877899, -87.675235 41.875356, -87.676235 41.87427, -87.677321 41.875086, -87.67907 41.875251, -87.680025 41.875086, -87.681235 41.87409, -87.686311 41.877086, -87.688038 41.879283, -87.689235 41.879773, -87.690442 41.881086, -87.687235 41.884189, -87.686235 41.884536, -87.682235 41.887608, -87.679698 41.888548, -87.679235 41.889273, -87.678235 41.88839, -87.676235 41.887951, -87.674235 41.886131, -87.670501 41.883819, -87.667875 41.881086, -87.669816 41.879666, -87.671235 41.877899), (-87.672659 41.87951, -87.671235 41.879867, -87.669846 41.881086, -87.671235 41.88286, -87.672384 41.883086, -87.676235 41.886292, -87.678235 41.887353, -87.679235 41.887806, -87.680235 41.887367, -87.687718 41.882086, -87.688485 41.881086, -87.684235 41.877052, -87.681235 41.875359, -87.676235 41.875685, -87.673168 41.878086, -87.672659 41.87951))",41.88108555559726,-87.67923504553734
47,Mayfair,"(41.968242773953044, -87.737968778247)","POLYGON ((-87.736969 41.976518, -87.734969 41.974682, -87.727102 41.969243, -87.726336 41.968243, -87.728809 41.966083, -87.730317 41.962591, -87.731374 41.961648, -87.736969 41.95994, -87.738969 41.961198, -87.739969 41.961236, -87.741737 41.962243, -87.741772 41.963439, -87.742969 41.96313, -87.745658 41.965554, -87.746969 41.965748, -87.749215 41.968243, -87.74697 41.970244, -87.747244 41.972518, -87.744969 41.972599, -87.742969 41.973235, -87.742456 41.974243, -87.739413 41.975687, -87.737969 41.97702, -87.736969 41.976518), (-87.736969 41.961304, -87.732594 41.962868, -87.731126 41.9654, -87.728551 41.968243, -87.731969 41.971441, -87.737969 41.975431, -87.741748 41.973022, -87.742645 41.971919, -87.745305 41.971579, -87.745585 41.969243, -87.747457 41.968243, -87.746986 41.967243, -87.744837 41.966243, -87.742969 41.964579, -87.742485 41.964727, -87.742206 41.964006, -87.740969 41.96356, -87.739132 41.962079, -87.736969 41.961304))",41.968242773953044,-87.737968778247
48,McKinley Park,"(41.83030074817219, -87.67349098124289)","POLYGON ((-87.676289 41.835099, -87.675491 41.837747, -87.674491 41.835954, -87.672491 41.836525, -87.671491 41.836078, -87.670491 41.836985, -87.668402 41.83639, -87.667734 41.835058, -87.664224 41.832568, -87.663711 41.83108, -87.661915 41.830301, -87.662491 41.829823, -87.662643 41.830149, -87.664975 41.829785, -87.665229 41.828562, -87.664288 41.828301, -87.672491 41.822413, -87.674491 41.822576, -87.677491 41.823528, -87.678491 41.825753, -87.679491 41.825382, -87.683002 41.82679, -87.6834 41.828392, -87.685023 41.830301, -87.679491 41.834788, -87.677491 41.835819, -87.676775 41.835017, -87.676289 41.835099), (-87.681855 41.829301, -87.681246 41.827546, -87.678491 41.826523, -87.676491 41.824822, -87.673491 41.823655, -87.672491 41.823735, -87.670491 41.825018, -87.665491 41.829054, -87.665251 41.830061, -87.663906 41.830301, -87.664581 41.831301, -87.670491 41.835492, -87.673491 41.835194, -87.675144 41.835648, -87.675491 41.836098, -87.676041 41.83485, -87.677491 41.834535, -87.679491 41.83325, -87.682852 41.830301, -87.681855 41.829301))",41.83030074817219,-87.67349098124289
49,Merlo,"(41.940131637508564, -87.64602857926714)","POLYGON ((-87.635596 41.939132, -87.637029 41.937221, -87.638029 41.937381, -87.643029 41.933169, -87.644174 41.933277, -87.645029 41.932619, -87.646029 41.933988, -87.647029 41.934387, -87.649029 41.933753, -87.650029 41.934159, -87.65692 41.939132, -87.657495 41.940132, -87.65574 41.941132, -87.655656 41.942132, -87.654285 41.944388, -87.652029 41.944496, -87.650029 41.946229, -87.648868 41.946292, -87.648029 41.945862, -87.647029 41.947468, -87.646404 41.946756, -87.645029 41.946822, -87.642926 41.946234, -87.64078 41.945132, -87.638686 41.943132, -87.639478 41.942581, -87.639363 41.941797, -87.637587 41.941573, -87.637029 41.940781, -87.635759 41.940132, -87.635596 41.939132), (-87.63957 41.94159, -87.640029 41.943018, -87.641029 41.94318, -87.645029 41.945743, -87.646029 41.945934, -87.648029 41.9443, -87.649029 41.94487, -87.652029 41.94312, -87.653047 41.94315, -87.654066 41.942132, -87.654061 41.941132, -87.655262 41.940132, -87.654663 41.939132, -87.651677 41.937483, -87.650029 41.935717, -87.649029 41.935265, -87.647029 41.935722, -87.644029 41.934073, -87.640029 41.937437, -87.637707 41.93881, -87.63714 41.940132, -87.637816 41.941344, -87.63957 41.94159))",41.940131637508564,-87.64602857926714
50,Mount Greenwood,"(41.693015814018004, -87.70102477600602)","POLYGON ((-87.693234 41.692806, -87.691266 41.692016, -87.692747 41.690738, -87.695151 41.691142, -87.696025 41.687675, -87.701025 41.684114, -87.704331 41.687016, -87.703609 41.6876, -87.703752 41.688288, -87.704387 41.688378, -87.705025 41.687742, -87.706025 41.687784, -87.706438 41.688603, -87.710538 41.691016, -87.710709 41.692016, -87.71194 41.693016, -87.707025 41.697557, -87.706025 41.69807, -87.705318 41.697722, -87.703942 41.698016, -87.704615 41.699016, -87.704025 41.699884, -87.702816 41.699807, -87.702025 41.701346, -87.701025 41.701799, -87.700025 41.701085, -87.69719 41.69885, -87.696025 41.69841, -87.69526 41.696016, -87.696164 41.693877, -87.695025 41.69277, -87.693234 41.692806), (-87.695469 41.696016, -87.696025 41.696935, -87.701025 41.70022, -87.702862 41.699016, -87.702758 41.697749, -87.705371 41.697016, -87.709325 41.694016, -87.709858 41.693016, -87.708728 41.692016, -87.708576 41.691016, -87.706025 41.689375, -87.703525 41.688516, -87.703025 41.687554, -87.702006 41.688035, -87.701025 41.685806, -87.699025 41.686657, -87.696025 41.689352, -87.6954 41.691391, -87.69345 41.692016, -87.695422 41.692618, -87.696537 41.694016, -87.695469 41.696016))",41.693015814018004,-87.70102477600602
51,Near North,"(41.90393142178499, -87.63660775555267)","POLYGON ((-87.639301 41.899238, -87.637608 41.897113, -87.635608 41.898354, -87.63348 41.898804, -87.63255872438417 41.89956058819195, -87.633545 41.898484, -87.63385280771963 41.89720943387312, -87.637608 41.89563, -87.642608 41.899642, -87.644217 41.900322, -87.646146 41.902394, -87.647505 41.902931, -87.648139 41.903931, -87.645564 41.905931, -87.645608 41.908281, -87.642608 41.909518, -87.640608 41.90986, -87.638608 41.911263, -87.636608 41.910067, -87.634608 41.911052, -87.632608 41.909963, -87.6261235003343 41.90480957417873, -87.627378 41.903604, -87.62758873319201 41.90364214270775, -87.627237 41.903931, -87.633608 41.909066, -87.634608 41.909554, -87.636608 41.908609, -87.638608 41.909778, -87.640608 41.908369, -87.642608 41.908071, -87.644049 41.907372, -87.644273 41.905596, -87.645971 41.903931, -87.643081 41.900931, -87.640608 41.899511, -87.639301 41.899238))",41.90393142178499,-87.63660775555267
52,North Austin,"(41.909444834238485, -87.76898326931509)","POLYGON ((-87.776983 41.90672, -87.778983 41.907717, -87.780376 41.909445, -87.774457 41.914445, -87.771983 41.915151, -87.770983 41.913854, -87.769983 41.914605, -87.767983 41.915076, -87.767382 41.915046, -87.766983 41.914377, -87.765983 41.915751, -87.758079 41.910445, -87.757505 41.909445, -87.765983 41.902642, -87.767983 41.901494, -87.768983 41.901365, -87.773983 41.904253, -87.774983 41.905378, -87.775983 41.905563, -87.776983 41.90672), (-87.769985 41.913447, -87.771638 41.91379, -87.772194 41.914655, -87.778356 41.909445, -87.777773 41.908445, -87.770983 41.903604, -87.768983 41.902788, -87.767983 41.902778, -87.76523 41.904691, -87.759531 41.909445, -87.76469 41.913738, -87.765983 41.914141, -87.766983 41.913723, -87.767983 41.914587, -87.769985 41.913447))",41.909444834238485,-87.76898326931509
53,North Pulaski,"(41.90989766464456, -87.73376822625004)","POLYGON ((-87.738647 41.907019, -87.740331 41.907335, -87.741768 41.909133, -87.743768 41.908287, -87.74524 41.909898, -87.74348 41.91161, -87.743909 41.913039, -87.741768 41.913368, -87.740624 41.912753, -87.740433 41.913898, -87.738461 41.914898, -87.736768 41.916804, -87.735768 41.916889, -87.733768 41.917966, -87.731768 41.917127, -87.725768 41.912638, -87.724768 41.91234, -87.722229 41.909898, -87.725101 41.907231, -87.724523 41.905898, -87.724835 41.904965, -87.729768 41.90338, -87.730768 41.902508, -87.731768 41.903007, -87.733768 41.901518, -87.736768 41.903116, -87.737356 41.90431, -87.73878 41.904898, -87.739314 41.905898, -87.738647 41.907019), (-87.736768 41.915343, -87.73789 41.913898, -87.739768 41.913557, -87.740514 41.912643, -87.741768 41.912424, -87.742179 41.911898, -87.741272 41.910898, -87.743117 41.909898, -87.741768 41.909341, -87.740176 41.90749, -87.738579 41.907087, -87.738268 41.905898, -87.733768 41.902948, -87.731768 41.9041, -87.730768 41.904, -87.729768 41.904805, -87.728768 41.904852, -87.72634 41.905898, -87.726637 41.907898, -87.724829 41.908958, -87.724247 41.909898, -87.724808 41.910898, -87.730335 41.914898, -87.732768 41.916136, -87.733768 41.916466, -87.735768 41.915342, -87.736768 41.915343))",41.90989766464456,-87.73376822625004
54,Northtown,"(42.00507612272344, -87.69021903022175)","MULTIPOLYGON (((-87.690219 41.997914, -87.688068 41.999076, -87.687315 42.000076, -87.687391 42.001248, -87.686695 42.001076, -87.686219 42.000388, -87.685303 42.001076, -87.68537458247619 42.001903543077326, -87.684253 42.000076, -87.686381 41.999238, -87.689219 41.996765, -87.690219 41.99656, -87.700219 42.003187, -87.701773 42.005076, -87.698364 42.008076, -87.696379 42.009076, -87.695219 42.010638, -87.693128 42.011076, -87.691219 42.01321, -87.690219 42.013617, -87.68284353016269 42.0084803998929, -87.683602397107 42.00742102163865, -87.684322 42.008076, -87.689219 42.011639, -87.690219 42.012016, -87.693792 42.010076, -87.699743 42.005076, -87.69905 42.004246, -87.698219 42.004031, -87.697219 42.002699, -87.690219 41.997914)), ((-87.682219 42.004051, -87.6818482285583 42.00436955886651, -87.68070316314696 42.003636178035705, -87.682219 42.002766, -87.6839235180841 42.00410296701476, -87.682219 42.004051)), ((-87.68549640716152 42.003102628561905, -87.686319 42.004176, -87.68593098993803 42.00416417042494, -87.686296 42.004153, -87.685558 42.003737, -87.68549640716152 42.003102628561905)))",42.00507612272344,-87.69021903022175
55,Oriole Park,"(41.978098111742476, -87.81420029973704)","POLYGON ((-87.8172 41.985067, -87.8162 41.984246, -87.815112 41.983098, -87.80799 41.982308, -87.803863 41.979098, -87.804051 41.977098, -87.805602 41.9755, -87.8092 41.972932, -87.8102 41.973081, -87.8122 41.971072, -87.8132 41.971068, -87.8142 41.969473, -87.8172 41.971089, -87.818114 41.972184, -87.820027 41.973098, -87.822607 41.975098, -87.824716 41.978098, -87.819026 41.983924, -87.8172 41.985067), (-87.8142 41.971105, -87.811398 41.973295, -87.809692 41.974098, -87.809981 41.975098, -87.807781 41.975679, -87.8062 41.976797, -87.80579 41.979098, -87.8072 41.980118, -87.807742 41.979639, -87.808563 41.979735, -87.809404 41.981894, -87.815562 41.982737, -87.8162 41.983347, -87.8172 41.983689, -87.818129 41.983098, -87.819347 41.982098, -87.8202 41.980366, -87.822996 41.978098, -87.820663 41.975098, -87.818983 41.974315, -87.816324 41.971974, -87.8142 41.971105))",41.978098111742476,-87.81420029973704
56,Portage-Cragin,"(41.93883597361448, -87.75467117455794)","POLYGON ((-87.743122 41.938836, -87.746015 41.936179, -87.753671 41.930474, -87.755671 41.93163, -87.756671 41.931485, -87.758704 41.932803, -87.765671 41.937823, -87.766158 41.938836, -87.756671 41.94594, -87.755774 41.944733, -87.753739 41.943769, -87.751671 41.945281, -87.745671 41.941222, -87.743122 41.938836), (-87.754946 41.943561, -87.756671 41.944335, -87.758931 41.943095, -87.764089 41.938836, -87.763551 41.937836, -87.756671 41.933041, -87.753671 41.93204, -87.745216 41.938836, -87.746671 41.940332, -87.751671 41.943729, -87.754946 41.943561))",41.93883597361448,-87.75467117455794
57,Pullman,"(41.69436481773882, -87.6181414059763)","MULTIPOLYGON (((-87.612141 41.695428, -87.611141 41.695157, -87.608978 41.693365, -87.608685 41.692365, -87.612052 41.690276, -87.613141 41.688645, -87.615141 41.687892, -87.618141 41.685587, -87.627289 41.692365, -87.625424 41.694365, -87.623141 41.695703, -87.62016980846869 41.69840021567991, -87.6189224831083 41.6974528715715, -87.624698 41.693365, -87.625005 41.692365, -87.618141 41.687204, -87.614366 41.689365, -87.614615 41.689838, -87.614141 41.689636, -87.613141 41.690195, -87.612405 41.691365, -87.610903 41.692365, -87.610971 41.693365, -87.612226 41.694281, -87.61252629212969 41.695245983697625, -87.61218602496248 41.695503056612466, -87.612141 41.695428)), ((-87.61478294515967 41.696015480344535, -87.6150268899299 41.69608341641338, -87.61469388943598 41.69606434911351, -87.61478294515967 41.696015480344535)), ((-87.61411021015604 41.69603092817852, -87.614094 41.69603, -87.61388063879184 41.69566882511903, -87.61404977742058 41.69535321821653, -87.61411021015604 41.69603092817852)), ((-87.614141 41.695183, -87.61418714582524 41.695268715313055, -87.61409597785212 41.695267009789745, -87.614141 41.695183)))",41.69436481773882,-87.6181414059763
58,Roden,"(41.99199760467718, -87.79820642998901)","POLYGON ((-87.796206 41.985495, -87.798206 41.986111, -87.800602 41.985602, -87.802206 41.986103, -87.803206 41.985542, -87.805354 41.98685, -87.806167 41.989037, -87.807161 41.989998, -87.80613 41.990998, -87.807631 41.991998, -87.807389 41.99718, -87.803206 41.999149, -87.800909 41.9987, -87.799206 42.00007, -87.795206 41.998479, -87.793382 41.996822, -87.791029 41.995998, -87.791394 41.99481, -87.790206 41.995005, -87.788574 41.993998, -87.789377 41.991998, -87.788593 41.986998, -87.788963 41.986754, -87.790206 41.986571, -87.791054 41.98715, -87.792206 41.987015, -87.793206 41.987592, -87.793995 41.986998, -87.794206 41.98605, -87.796206 41.985495), (-87.790426 41.993998, -87.79178 41.994424, -87.793187 41.995998, -87.798206 41.998196, -87.799206 41.998486, -87.800206 41.997296, -87.802206 41.997133, -87.803206 41.997631, -87.805206 41.996749, -87.805881 41.995998, -87.805317 41.993998, -87.805825 41.991998, -87.804618 41.990998, -87.805288 41.989998, -87.803687 41.987517, -87.803205 41.986999, -87.801206 41.987421, -87.800206 41.986768, -87.797206 41.987372, -87.796206 41.986733, -87.794141 41.987932, -87.792206 41.987532, -87.790206 41.98778, -87.791412 41.992998, -87.790426 41.993998))",41.99199760467718,-87.79820642998901
59,Rogers Park,"(42.00682227244734, -87.67330813329413)","POLYGON ((-87.675308 42.01534, -87.674308 42.015113, -87.673308 42.014363, -87.672308 42.01461, -87.66641 42.01072, -87.661672 42.006822, -87.663308 42.005106, -87.666308 42.003004, -87.670308 41.998507, -87.671308 41.998325, -87.673308 42.000412, -87.675308 41.999612, -87.675513 41.999822, -87.676215 42.003915, -87.678208 42.003822, -87.678467 42.002981, -87.679357 42.002774, -87.6818482285583 42.00436955886651, -87.681026 42.005076, -87.683602397107 42.00742102163865, -87.682308 42.009228, -87.679308 42.012196, -87.678308 42.012907, -87.675911 42.013425, -87.675308 42.01534), (-87.670139 42.011822, -87.672308 42.013056, -87.673308 42.012983, -87.674308 42.013859, -87.675308 42.013643, -87.675529 42.013043, -87.677404 42.011822, -87.676308 42.011447, -87.676093 42.010607, -87.677544 42.010587, -87.678308 42.011022, -87.681483 42.007997, -87.682096 42.006822, -87.68095 42.005181, -87.679308 42.004183, -87.676179 42.003951, -87.675308 42.001345, -87.673308 42.001433, -87.672308 42.000081, -87.671308 41.999821, -87.663904 42.006822, -87.665308 42.008185, -87.668809 42.010321, -87.670139 42.011822))",42.00682227244734,-87.67330813329413
60,Scottsdale,"(41.74928543110801, -87.72440869132882)","POLYGON ((-87.717177 41.746285, -87.717822 41.745285, -87.721409 41.742361, -87.724409 41.744246, -87.726409 41.743798, -87.729198 41.744075, -87.729409 41.743209, -87.729492 41.744203, -87.731004 41.74569, -87.735077 41.748285, -87.735679 41.749285, -87.733409 41.751413, -87.732409 41.750889, -87.731409 41.752451, -87.730409 41.751586, -87.729075 41.751285, -87.728371 41.750285, -87.72741816893416 41.75014477840698, -87.729602 41.750092, -87.731409 41.750934, -87.733657 41.749285, -87.732029 41.748665, -87.731409 41.747553, -87.727483 41.744212, -87.726297 41.744174, -87.724409 41.74511, -87.721409 41.743876, -87.720335 41.745285, -87.720409 41.746772, -87.719409 41.745996, -87.715088 41.749285, -87.715592 41.750285, -87.717674 41.751285, -87.719586 41.753285, -87.721792 41.753902, -87.722409 41.754879, -87.724166 41.753285, -87.72674 41.752616, -87.72712708715834 41.7511862655183, -87.726949 41.752826, -87.724371 41.754247, -87.723906 41.755285, -87.722737 41.755614, -87.722409 41.756301, -87.720419 41.755285, -87.716564 41.752131, -87.714409 41.751087, -87.712862 41.749285, -87.717177 41.746285))",41.74928543110801,-87.72440869132882
61,Sherman Park,"(41.79476901885989, -87.65502837616037)","POLYGON ((-87.655028 41.78617, -87.66581 41.793769, -87.665028 41.795231, -87.660913 41.798654, -87.660384 41.800125, -87.658297 41.801037, -87.655028 41.803445, -87.654028 41.802934, -87.650517 41.80028, -87.647028 41.79635, -87.644363 41.794769, -87.644798 41.793539, -87.651028 41.789071, -87.653028 41.787124, -87.655028 41.78617), (-87.651706 41.799769, -87.655028 41.801938, -87.659389 41.799129, -87.660723 41.796769, -87.66235 41.795769, -87.663744 41.793769, -87.655028 41.78767, -87.646413 41.793769, -87.646343 41.794769, -87.648156 41.795769, -87.651706 41.799769))",41.79476901885989,-87.65502837616037
62,South Chicago,"(41.73029771500594, -87.54972658730712)","POLYGON ((-87.547872 41.734152, -87.548727 41.736736, -87.549727 41.737472, -87.551727 41.736427, -87.558163 41.731298, -87.5576776848896 41.73048377187272, -87.558727 41.730867, -87.559577 41.732298, -87.559396 41.732967, -87.556181 41.733752, -87.554727 41.735576, -87.550727 41.738637, -87.549727 41.7388, -87.547728 41.737298, -87.548143 41.736298, -87.547727 41.735068, -87.546636 41.735298, -87.545727 41.73613, -87.540727 41.732442, -87.541088 41.731298, -87.540697 41.730268, -87.541561 41.727298, -87.542674 41.727351, -87.544164 41.726735, -87.545298 41.724869, -87.546216 41.724298, -87.546545 41.723116, -87.547727 41.723185, -87.548727 41.723818, -87.549727 41.72375, -87.550727 41.722725, -87.551491 41.723533, -87.555727 41.725273, -87.556797 41.726298, -87.558266 41.728298, -87.55760454999522 41.730361071205024, -87.556506 41.728518, -87.554447 41.727298, -87.554633 41.726298, -87.554098 41.725927, -87.553727 41.725692, -87.552727 41.726497, -87.551418 41.725607, -87.550727 41.724431, -87.547689 41.72426, -87.547493 41.725065, -87.546018 41.725589, -87.544658 41.727229, -87.541727 41.729155, -87.541375 41.730298, -87.541727 41.731536, -87.545384 41.734641, -87.546727 41.734723, -87.547872 41.734152))",41.73029771500594,-87.54972658730712
63,South Shore,"(41.76254141905116, -87.56387694448408)","POLYGON ((-87.563877 41.769358, -87.563298 41.767541, -87.560877 41.767013, -87.559231 41.766187, -87.558973 41.764446, -87.558214 41.764205, -87.558 41.763419, -87.555929 41.761541, -87.556906 41.755571, -87.558877 41.75561, -87.559877 41.754982, -87.562877 41.75438, -87.564877 41.754942, -87.569877 41.758051, -87.574523 41.761895, -87.574864 41.762541, -87.572118 41.765541, -87.572364 41.766541, -87.566877 41.770348, -87.565877 41.769994, -87.563877 41.769358), (-87.572506 41.761541, -87.567196 41.757541, -87.562877 41.75579, -87.55828 41.756944, -87.557177 41.760842, -87.5573 41.762541, -87.559011 41.764407, -87.559393 41.766025, -87.560749 41.766669, -87.564139 41.767279, -87.565877 41.768672, -87.566877 41.768863, -87.570268 41.766541, -87.57013 41.765541, -87.573098 41.762541, -87.572506 41.761541))",41.76254141905116,-87.56387694448408
64,Sulzer Regional,"(41.962966859427524, -87.68469465366664)","POLYGON ((-87.688695 41.957124, -87.692695 41.959745, -87.695741 41.962967, -87.691765 41.967967, -87.691558 41.968967, -87.689831 41.970104, -87.688695 41.970688, -87.686695 41.969735, -87.685695 41.969784, -87.683695 41.970828, -87.675695 41.965099, -87.67388 41.962967, -87.679327 41.955599, -87.680014 41.955287, -87.681695 41.955804, -87.683695 41.95461, -87.686695 41.956645, -87.688695 41.957124), (-87.685695 41.968102, -87.687695 41.969184, -87.688962 41.969234, -87.689603 41.967875, -87.692589 41.964967, -87.69389 41.962967, -87.692198 41.960967, -87.689695 41.959139, -87.688695 41.958574, -87.687695 41.958659, -87.683695 41.956037, -87.681695 41.956921, -87.680424 41.956696, -87.675894 41.962967, -87.676434 41.963967, -87.683695 41.969167, -87.685695 41.968102))",41.962966859427524,-87.68469465366664
65,Thurgood Marshall,"(41.757343880012456, -87.6540643783153)","POLYGON ((-87.654064 41.766069, -87.653064 41.765487, -87.646064 41.760305, -87.644064 41.759251, -87.643731 41.757011, -87.644742 41.755344, -87.649064 41.75174, -87.652064 41.749443, -87.654064 41.748668, -87.663584 41.755344, -87.663513 41.756344, -87.662064 41.757216, -87.659822 41.757344, -87.659882 41.758527, -87.661285 41.758123, -87.662569 41.759344, -87.661914 41.760344, -87.655064 41.765551, -87.654064 41.766069), (-87.660476 41.759344, -87.659269 41.758344, -87.659593 41.757344, -87.661401 41.756344, -87.661345 41.755344, -87.659869 41.754539, -87.659064 41.753379, -87.654064 41.750159, -87.652064 41.751065, -87.644681 41.757344, -87.648064 41.760608, -87.654064 41.764617, -87.655064 41.764217, -87.659844 41.760344, -87.660476 41.759344))",41.757343880012456,-87.6540643783153
66,Toman,"(41.842086096760674, -87.72463965526215)","POLYGON ((-87.723243 41.849483, -87.71864 41.84684, -87.714232 41.843086, -87.713702 41.842086, -87.715134 41.841086, -87.71664 41.839111, -87.718013 41.83846, -87.71964 41.836562, -87.722677 41.834124, -87.72464 41.833291, -87.73164 41.838877, -87.733778 41.840086, -87.734062 41.841086, -87.735251 41.842086, -87.73464 41.843322, -87.732529 41.845086, -87.726058 41.849086, -87.72564 41.850349, -87.72464 41.850932, -87.72364 41.850271, -87.723243 41.849483), (-87.731607 41.840086, -87.72464 41.834783, -87.72264 41.835777, -87.719648 41.838095, -87.715782 41.842086, -87.715987 41.843086, -87.717633 41.844092, -87.71864 41.845387, -87.72164 41.847094, -87.72364 41.84893, -87.72464 41.849243, -87.730693 41.845086, -87.733266 41.842086, -87.731607 41.840086))",41.842086096760674,-87.72463965526215
67,Uptown,"(41.95832305807637, -87.65424744448335)","MULTIPOLYGON (((-87.645415 41.959323, -87.647761 41.960323, -87.648147 41.961323, -87.655247 41.965337, -87.657247 41.964709, -87.659801 41.961323, -87.658077 41.960494, -87.65794054112799 41.9592516957267, -87.658247 41.960554, -87.66076 41.96081, -87.661877 41.961323, -87.661247 41.962367, -87.658998 41.964073, -87.65836163022024 41.96556258716822, -87.657183 41.965781, -87.6567898420874 41.96646660542394, -87.655247 41.96681, -87.65489298404057 41.96675512752629, -87.654247 41.966655, -87.651247 41.964022, -87.649247 41.963214, -87.645084 41.960486, -87.644542 41.958323, -87.645781 41.954323, -87.647593 41.953323, -87.648001 41.952077, -87.649247 41.951083, -87.651247 41.952043, -87.654247 41.949993, -87.657247 41.951588, -87.65764324343907 41.953431678150395, -87.657247 41.953018, -87.654247 41.951525, -87.651975 41.95305, -87.649247 41.95269, -87.647347 41.955323, -87.647289 41.957364, -87.646247 41.957141, -87.644967 41.958323, -87.645415 41.959323)), ((-87.65810087133352 41.9539094416722, -87.659004 41.954079, -87.659247 41.953727, -87.660647 41.954323, -87.657818 41.954894, -87.65774566829346 41.95747759814337, -87.657509 41.955323, -87.657575 41.95465, -87.658497 41.954323, -87.65810087133352 41.9539094416722)))",41.95832305807637,-87.65424744448335
68,Vodak-East Side,"(41.70283443594318, -87.61428978448026)","POLYGON ((-87.61388063879184 41.695668825119036, -87.614094 41.69603, -87.61411021015604 41.69603092817852, -87.61469388943598 41.69606434911351, -87.6150268899299 41.69608341641338, -87.616038 41.696365, -87.618141 41.698006, -87.6189224831083 41.6974528715715, -87.621053 41.699071, -87.621745 41.699834, -87.621685 41.700834, -87.624051 41.702834, -87.624321 41.703834, -87.622146 41.705834, -87.619 41.707545, -87.61829 41.708713, -87.61529 41.711081, -87.61429 41.711259, -87.607188 41.706937, -87.604147 41.703834, -87.606923 41.701468, -87.607158 41.700834, -87.606587 41.699834, -87.60693 41.699474, -87.61252629212969 41.695245983697625, -87.61290810052893 41.69647291855364, -87.608511 41.699834, -87.608703 41.700834, -87.605993 41.703834, -87.61029 41.707426, -87.61329 41.709255, -87.61429 41.70973, -87.61529 41.709564, -87.622515 41.703834, -87.618923 41.698834, -87.616112 41.697012, -87.61356306359579 41.69626140958473, -87.61388063879184 41.695668825119036))",41.70283443594318,-87.61428978448026
69,Walker,"(41.69198346617567, -87.6739093032301)","POLYGON ((-87.667246 41.68732, -87.669909 41.685857, -87.670762 41.685983, -87.670526 41.686983, -87.671058 41.687132, -87.670943 41.685983, -87.672909 41.684428, -87.67701 41.683883, -87.677649 41.686244, -87.678909 41.686123, -87.68024 41.686983, -87.681909 41.688166, -87.682909 41.689719, -87.683909 41.68995, -87.686137 41.691983, -87.682909 41.694435, -87.681909 41.696118, -87.680574 41.696319, -87.679909 41.695665, -87.679584 41.696308, -87.680137 41.696983, -87.677909 41.69832, -87.675909 41.698943, -87.674983 41.699983, -87.673909 41.700231, -87.672751 41.699142, -87.671909 41.698974, -87.670909 41.699331, -87.668909 41.698623, -87.663914 41.695983, -87.664792 41.693866, -87.666039 41.692983, -87.664909 41.69172, -87.663909 41.691848, -87.663415 41.691477, -87.662501 41.689576, -87.662818 41.688983, -87.667246 41.68732), (-87.665957 41.695936, -87.667663 41.69623, -87.668338 41.696983, -87.670909 41.697839, -87.672409 41.697484, -87.673909 41.698873, -87.677103 41.696983, -87.677909 41.69543, -87.678909 41.696066, -87.68388 41.691983, -87.683364 41.690983, -87.682359 41.690534, -87.681909 41.689796, -87.679909 41.688922, -87.678909 41.687554, -87.677909 41.687678, -87.676909 41.687043, -87.6758 41.689093, -87.675781 41.685112, -87.674909 41.685074, -87.672909 41.685891, -87.671176 41.68725, -87.669909 41.687271, -87.668909 41.688168, -87.664223 41.689983, -87.665189 41.690704, -87.66586 41.692033, -87.666269 41.693983, -87.665957 41.695936))",41.69198346617567,-87.6739093032301
70,Water Works,"(41.897484072390675, -87.62337776811282)","POLYGON ((-87.632004 41.896484, -87.626378 41.892616, -87.624378 41.890678, -87.621378 41.892651, -87.620378 41.892566, -87.615547 41.895654, -87.61572 41.897484, -87.61674624420033 41.898791166479285, -87.615784 41.898078, -87.615556 41.896306, -87.614969 41.895893, -87.614612 41.894484, -87.615378 41.893659, -87.616378 41.893684, -87.618252 41.892484, -87.619378 41.891387, -87.620378 41.891002, -87.621378 41.891227, -87.624378 41.889297, -87.634028 41.896484, -87.63385280771965 41.89720943387312, -87.63385280771963 41.89720943387312, -87.633545 41.898484, -87.63255872438417 41.89956058819195, -87.62758873319201 41.90364214270775, -87.627378 41.903604, -87.6261235003343 41.90480957417873, -87.625378 41.905526, -87.621829 41.903032, -87.621535 41.902327, -87.6198 41.902062, -87.61866 41.901202, -87.61766942483536 41.89961518965385, -87.620378 41.901844, -87.621675 41.902187, -87.621986 41.902876, -87.623378 41.903488, -87.625378 41.903881, -87.626486 41.902484, -87.628378 41.902147, -87.63185 41.898484, -87.63196 41.897484, -87.632004 41.896484))",41.897484072390675,-87.62337776811282
71,West Belmont,"(41.9366521886413, -87.78602401236114)","POLYGON ((-87.796024 41.935135, -87.797157 41.936652, -87.793287 41.939915, -87.791972 41.9406, -87.790895 41.940523, -87.790021 41.942649, -87.787182 41.94481, -87.786024 41.945499, -87.785024 41.944806, -87.776668 41.939009, -87.77427 41.936652, -87.781363 41.930652, -87.786024 41.927985, -87.796024 41.935135), (-87.786024 41.929579, -87.784024 41.930342, -87.780885 41.932513, -87.776902 41.93553, -87.776048 41.936652, -87.780859 41.940652, -87.783001 41.941652, -87.786024 41.943988, -87.789024 41.942075, -87.790544 41.940172, -87.793213 41.938652, -87.794993 41.936652, -87.79333 41.934652, -87.786024 41.929579))",41.9366521886413,-87.78602401236114
72,West Chicago Avenue,"(41.8950961032908, -87.74806072822989)","POLYGON ((-87.738061 41.896706, -87.736626 41.895096, -87.737753 41.894096, -87.737834 41.892869, -87.739659 41.892695, -87.742848 41.889884, -87.744294 41.889329, -87.745061 41.888036, -87.74836 41.887797, -87.751061 41.888678, -87.758898 41.894096, -87.759413 41.895096, -87.754939 41.899096, -87.751061 41.901795, -87.749773 41.902096, -87.748061 41.903307, -87.745917 41.902096, -87.744198 41.900096, -87.741422 41.899096, -87.742061 41.89688, -87.741061 41.896608, -87.740061 41.897575, -87.738061 41.896706), (-87.747282 41.901096, -87.748061 41.901932, -87.752898 41.899096, -87.75731 41.895096, -87.756391 41.893766, -87.755061 41.893298, -87.754061 41.892205, -87.748061 41.888276, -87.746061 41.889458, -87.744719 41.889754, -87.738597 41.895096, -87.740002 41.896096, -87.741249 41.895908, -87.742248 41.896909, -87.742208 41.898096, -87.743061 41.898887, -87.745292 41.899865, -87.746061 41.90083, -87.747282 41.901096))",41.8950961032908,-87.74806072822989
73,West Englewood,"(41.77928203936906, -87.66843344429459)","POLYGON ((-87.675855 41.782703, -87.669433 41.787328, -87.667433 41.786116, -87.665433 41.785737, -87.663433 41.784607, -87.658036 41.780679, -87.656947 41.779282, -87.658751 41.778282, -87.665433 41.772194, -87.667433 41.771169, -87.668433 41.771088, -87.669433 41.771231, -87.675216 41.775282, -87.677496 41.777219, -87.678189 41.778527, -87.679741 41.779282, -87.677254 41.780103, -87.676817 41.781665, -87.675855 41.782703), (-87.661201 41.781515, -87.662433 41.782031, -87.664114 41.783602, -87.665433 41.784349, -87.667098 41.784617, -87.668433 41.785672, -87.669433 41.78592, -87.671637 41.784485, -87.677697 41.779282, -87.677016 41.778282, -87.672433 41.77476, -87.669433 41.772684, -87.668433 41.772564, -87.667433 41.772638, -87.666424 41.773272, -87.664433 41.774711, -87.663433 41.776056, -87.661365 41.777282, -87.660741 41.77859, -87.659061 41.779282, -87.661201 41.781515))",41.77928203936906,-87.66843344429459
74,West Lawn,"(41.77875389246921, -87.72374295317714)","POLYGON ((-87.734526 41.777754, -87.735121 41.778754, -87.725743 41.786294, -87.723743 41.786919, -87.722743 41.786826, -87.71407 41.780427, -87.712627 41.779754, -87.712081 41.778754, -87.719743 41.77257, -87.723743 41.770309, -87.731967 41.775754, -87.734526 41.777754), (-87.725814 41.784825, -87.726633 41.783644, -87.731743 41.780198, -87.733059 41.778754, -87.732466 41.777754, -87.729437 41.77606, -87.726743 41.773506, -87.723743 41.771757, -87.719743 41.774184, -87.714398 41.778754, -87.71947 41.783027, -87.723743 41.785843, -87.725814 41.784825))",41.77875389246921,-87.72374295317714
75,West Loop,"(41.8837105009142, -87.6545650515331)","POLYGON ((-87.652565 41.890879, -87.650713 41.889563, -87.65031 41.888711, -87.646426 41.886849, -87.64369 41.884711, -87.643709 41.882711, -87.648081 41.879711, -87.648466 41.878711, -87.650565 41.877845, -87.651565 41.876935, -87.652565 41.876891, -87.653565 41.875807, -87.654565 41.875694, -87.654984 41.876291, -87.656887 41.876711, -87.659943 41.878711, -87.662295 41.88098, -87.665249 41.882711, -87.665018 41.884711, -87.659565 41.888392, -87.657565 41.890535, -87.655565 41.891647, -87.653565 41.891466, -87.652565 41.890879), (-87.645602 41.88471, -87.649944 41.88771, -87.651565 41.888131, -87.653565 41.890003, -87.654565 41.890605, -87.655173 41.890319, -87.659682 41.886827, -87.663224 41.88471, -87.663359 41.883711, -87.662565 41.882271, -87.657829 41.878711, -87.654565 41.876858, -87.651366 41.878511, -87.645769 41.882711, -87.645602 41.88471))",41.8837105009142,-87.6545650515331
76,West Pullman,"(41.67790647382097, -87.6431683153105)","POLYGON ((-87.643416 41.672906, -87.643168 41.674294, -87.642943 41.672132, -87.642168 41.671416, -87.641168 41.671494, -87.639168 41.672467, -87.635617 41.675906, -87.635512 41.67725, -87.634173 41.677906, -87.636168 41.680076, -87.642168 41.684134, -87.643168 41.683531, -87.645168 41.683978, -87.645837 41.682575, -87.647168 41.682131, -87.650085 41.679906, -87.649168 41.679354, -87.649027 41.678765, -87.651168 41.678773, -87.652709 41.677906, -87.650823 41.677252, -87.647067 41.677008, -87.647168 41.676656, -87.650175 41.675906, -87.645653 41.675422, -87.64510125074483 41.67499515949675, -87.646168 41.675426, -87.651168 41.675367, -87.652194 41.675906, -87.65077 41.676508, -87.647091 41.676984, -87.652168 41.677192, -87.653168 41.676563, -87.654643 41.677906, -87.653895 41.678633, -87.652166 41.678904, -87.652169 41.679906, -87.649954 41.680906, -87.6496 41.681906, -87.645443 41.685181, -87.644168 41.684468, -87.642168 41.685694, -87.641168 41.68526, -87.637168 41.681952, -87.633168 41.679324, -87.631874 41.677906, -87.634168 41.675203, -87.635758 41.674496, -87.636168 41.67353, -87.637728 41.672906, -87.637194 41.671906, -87.638168 41.670976, -87.642168 41.669901, -87.645084 41.67199, -87.6450859962377 41.67498335840877, -87.644986 41.674906, -87.644836 41.672906, -87.644168 41.672295, -87.643416 41.672906))",41.67790647382097,-87.6431683153105
77,West Town,"(41.89594730478282, -87.66829305460979)","POLYGON ((-87.660293 41.898858, -87.659711 41.897529, -87.658293 41.896689, -87.657293 41.89667, -87.656845 41.895947, -87.667293 41.887826, -87.668293 41.8886, -87.669293 41.888555, -87.671293 41.889965, -87.672293 41.890196, -87.678022 41.894218, -87.679807 41.895947, -87.670957 41.902947, -87.670293 41.903305, -87.669293 41.903119, -87.667293 41.904079, -87.660293 41.898858), (-87.668293 41.890269, -87.667293 41.889404, -87.662293 41.892908, -87.658922 41.895947, -87.659606 41.896947, -87.667293 41.902456, -87.669293 41.901751, -87.670293 41.901928, -87.677804 41.895947, -87.677236 41.895005, -87.671293 41.890953, -87.669293 41.890001, -87.668293 41.890269))",41.89594730478282,-87.66829305460979
78,"Whitney M. Young, Jr.","(41.7510184591363, -87.61495065361933)","POLYGON ((-87.614951 41.742269, -87.616951 41.744097, -87.624951 41.749482, -87.626427 41.751018, -87.621849 41.754917, -87.61994 41.756018, -87.617951 41.758024, -87.614951 41.759872, -87.60601 41.752959, -87.604951 41.752713, -87.603582 41.751018, -87.611951 41.744162, -87.614951 41.742269), (-87.614951 41.743739, -87.611951 41.745561, -87.605555 41.751018, -87.605981 41.752018, -87.614951 41.758226, -87.61711 41.757018, -87.624274 41.751018, -87.620951 41.747904, -87.616951 41.745548, -87.614951 41.743739))",41.7510184591363,-87.61495065361933
79,Woodson Regional Library,"(41.720694885749005, -87.64304817213312)","POLYGON ((-87.634048 41.718519, -87.636977 41.716623, -87.638782 41.714695, -87.643048 41.712153, -87.65104 41.717703, -87.653557 41.721695, -87.648164 41.724811, -87.645048 41.728333, -87.643048 41.72936, -87.635048 41.723683, -87.633614 41.722129, -87.632402 41.721695, -87.633762 41.720695, -87.634048 41.718519), (-87.65147 41.721695, -87.650099 41.718644, -87.646048 41.715908, -87.645122 41.714621, -87.643048 41.71361, -87.640858 41.714695, -87.635914 41.718561, -87.634429 41.721695, -87.638048 41.724459, -87.639247 41.724496, -87.640622 41.726121, -87.643048 41.727838, -87.646048 41.725795, -87.648048 41.723341, -87.65147 41.721695))",41.720694885749005,-87.64304817213312
80,Wrightwood-Ashburn,"(41.73795704970435, -87.70221598421591)","POLYGON ((-87.706216 41.743806, -87.705202 41.743943, -87.703216 41.746225, -87.702216 41.746667, -87.701216 41.746231, -87.699216 41.744471, -87.695216 41.741988, -87.692478 41.738957, -87.692571 41.737957, -87.695941 41.736957, -87.694216 41.736034, -87.69388 41.734957, -87.697105 41.733957, -87.698216 41.732187, -87.699216 41.73134, -87.700216 41.731473, -87.701199 41.72994, -87.702216 41.729472, -87.702322 41.729851, -87.703239 41.729957, -87.70402536115395 41.7330847293458, -87.702921 41.733252, -87.703066 41.731957, -87.702216 41.730964, -87.69924 41.732957, -87.700228 41.73397, -87.696083 41.734957, -87.697672 41.736501, -87.700216 41.736791, -87.700299 41.73804, -87.699216 41.737153, -87.698609 41.73735, -87.698336 41.738077, -87.697216 41.738361, -87.696216 41.737547, -87.694615 41.737957, -87.694399 41.738957, -87.696216 41.7408, -87.697398 41.740775, -87.697285 41.741957, -87.702216 41.745203, -87.709216 41.740107, -87.711301 41.737872, -87.711216 41.737262, -87.711017 41.737758, -87.710216 41.737769, -87.70696 41.737213, -87.706964 41.735705, -87.708065 41.734957, -87.705129 41.734044, -87.705278 41.732895, -87.7043336768982 41.73303803069467, -87.705526 41.732647, -87.706025 41.734148, -87.708216 41.733882, -87.710216 41.734957, -87.709565 41.735957, -87.707216 41.736455, -87.707132 41.737041, -87.710216 41.73749, -87.711216 41.73644, -87.711547 41.737957, -87.711216 41.739886, -87.710208 41.740957, -87.706216 41.743806))",41.73795704970435,-87.70221598421591
