,BRANCH,LOCATION,LATITUDE,LONGITUDE,geometry,list of dict
0,Albany Park,"(41.97557881655979, -87.71361314512697)",41.97557881655979,-87.71361314512697,"POLYGON ((-87.713613 41.979804, -87.715613 41.978256, -87.716431 41.976396, -87.718838 41.975579, -87.713613 41.97142, -87.707941 41.975579, -87.709613 41.977297, -87.713613 41.979804))","[{17031140200: 0.024261414648178242, 17031831800: 0.21323226201045165}]"
1,Altgeld,"(41.65719847558056, -87.59883829075173)",41.65719847558056,-87.59883829075173,"POLYGON ((-87.598838 41.658345, -87.600699 41.658059, -87.600945 41.657305, -87.602389 41.656198, -87.600005 41.654032, -87.598838 41.654668, -87.597838 41.653877, -87.595908 41.656198, -87.597306 41.657731, -87.598838 41.658345))","[{17031540101: 0.03491984488141061, 17031540102: 0.00804341947106589}]"
2,Archer Heights,"(41.80110836194246, -87.72648385568911)",41.80110836194246,-87.72648385568911,"POLYGON ((-87.724484 41.804201, -87.725484 41.804872, -87.726484 41.804449, -87.727484 41.804773, -87.730905 41.801529, -87.731694 41.800108, -87.728484 41.798141, -87.727388 41.799013, -87.723484 41.799314, -87.722657 41.800108, -87.721945 41.803108, -87.724484 41.804201))","[{17031620200: 0.02353879749607556, 17031570500: 0.241936242784187, 17031620100: 0.007165918416309029, 17031570300: 0.23203737632071314, 17031570400: 0.06730317019743255}]"
3,Austin,"(41.88917312206642, -87.7658203582574)",41.88917312206642,-87.7658203582574,"POLYGON ((-87.76482 41.892908, -87.76682 41.892895, -87.771161 41.889173, -87.76682 41.885727, -87.76582 41.885946, -87.76482 41.88545, -87.760967 41.888173, -87.76079 41.889173, -87.761338 41.890173, -87.76282 41.891376, -87.76382 41.891624, -87.76482 41.892908))","[{17031252000: 0.05497457992904844, 17031251900: 0.04018663690150939, 17031251400: 0.3141683834815419, 17031251500: 0.23123714350637553}]"
4,Austin-Irving,"(41.95312267684315, -87.77928489355646)",41.95312267684315,-87.77928489355646,"POLYGON ((-87.779285 41.957309, -87.780285 41.956968, -87.784676 41.953123, -87.779285 41.949018, -87.774592 41.952123, -87.773851 41.953123, -87.779285 41.957309))","[{17031150600: 0.05455724158718237, 17031170200: 0.25925429387598276, 17031150502: 0.28844797469159167, 17031150402: 0.04908073307623046}]"
5,Avalon,"(41.746393038286826, -87.5860053710736)",41.746393038286826,-87.5860053710736,"POLYGON ((-87.586005 41.750676, -87.590718 41.746393, -87.590182 41.745393, -87.586005 41.742029, -87.585005 41.742153, -87.584005 41.742903, -87.580925 41.746393, -87.582801 41.747393, -87.586005 41.750676))","[{17031450300: 0.14510985329934947, 17031834300: 0.11134300525367195}]"
6,Back of the Yards,"(41.808384423666354, -87.67756963874196)",41.808384423666354,-87.67756963874196,"POLYGON ((-87.67457 41.810664, -87.678248 41.811063, -87.678926 41.810741, -87.679416 41.809231, -87.68157 41.809338, -87.682966 41.808384, -87.68157 41.807496, -87.678443 41.807511, -87.677866 41.805088, -87.67657 41.804607, -87.67207 41.808384, -87.672689 41.809384, -87.67457 41.810664))","[{17031611500: 0.28307559998567655, 17031611400: 0.08927683611423191, 17031610300: 0.06407139770609267}]"
7,Beverly,"(41.72118978926962, -87.67214620967468)",41.72118978926962,-87.67214620967468,"POLYGON ((-87.673146 41.724896, -87.677385 41.72119, -87.676146 41.719815, -87.672146 41.717128, -87.671146 41.718339, -87.667749 41.719792, -87.666074 41.72119, -87.667454 41.721882, -87.668146 41.722991, -87.668584 41.722752, -87.668513 41.72319, -87.670146 41.72392, -87.672146 41.723824, -87.673146 41.724896))","[{17031720300: 0.07687570295208805, 17031720200: 0.06807323600715892, 17031720100: 0.10787117787064363}]"
8,Bezazian,"(41.97155143669217, -87.66095347964183)",41.97155143669217,-87.66095347964183,"POLYGON ((-87.659953 41.974799, -87.664693 41.972551, -87.662326 41.971179, -87.662261 41.969859, -87.662961 41.969559, -87.662982 41.968551, -87.660953 41.967411, -87.658953 41.968312, -87.655651 41.971551, -87.657809 41.973551, -87.659953 41.974799))","[{17031830700: 0.009516623798840879, 17031031700: 0.07229537194573905, 17031031100: 0.28370763462469534, 17031031200: 0.4006595631821375}]"
9,Blackstone,"(41.80549277198318, -87.58923748614112)",41.80549277198318,-87.58923748614112,"POLYGON ((-87.590237 41.808823, -87.591709 41.808965, -87.593935 41.806493, -87.594 41.805493, -87.592237 41.804286, -87.591237 41.804383, -87.58947 41.80226, -87.588237 41.801582, -87.586783 41.802493, -87.587569 41.803161, -87.587709 41.804493, -87.588622 41.805109, -87.588985 41.806745, -87.589947 41.807493, -87.590237 41.808823))","[{17031410100: 0.05199487412787429, 17031390600: 0.162742825914296, 17031390700: 0.27219459218460484}]"
10,Brainerd,"(41.73244482025524, -87.65772892721816)",41.73244482025524,-87.65772892721816,"POLYGON ((-87.656729 41.735883, -87.657729 41.736165, -87.658729 41.735871, -87.663045 41.732445, -87.659864 41.729445, -87.657729 41.72846, -87.652876 41.731445, -87.652233 41.732445, -87.656729 41.735883))","[{17031730202: 0.0030809454940092214, 17031730201: 0.21434658959936226, 17031711400: 0.2870624919460693, 17031711300: 0.00013345146786647983, 17031711100: 0.004319360436962582}]"
11,Brighton Park,"(41.81516027827089, -87.70273371160454)",41.81516027827089,-87.70273371160454,"POLYGON ((-87.699734 41.818197, -87.700734 41.817765, -87.701734 41.81855, -87.704734 41.817663, -87.70524 41.815666, -87.707079 41.81516, -87.706304 41.81416, -87.70692 41.81316, -87.706663 41.812231, -87.703734 41.811567, -87.702734 41.812126, -87.701734 41.811991, -87.699692 41.81316, -87.69911 41.81416, -87.697495 41.81516, -87.698528 41.817366, -87.699734 41.818197))","[{17031580400: 0.07284758712859962, 17031842800: 0.0005679949853507581, 17031580502: 0.5233059188437043, 17031580501: 0.0879436416851641}]"
12,Bucktown-Wicker Park,"(41.91235487836141, -87.68029967133904)",41.91235487836141,-87.68029967133904,"POLYGON ((-87.6793 41.915696, -87.6803 41.916094, -87.684175 41.91523, -87.685557 41.912355, -87.684082 41.911572, -87.6823 41.909752, -87.6813 41.91011, -87.6803 41.909277, -87.678448 41.909503, -87.6773 41.909222, -87.676384 41.909439, -87.67594 41.911355, -87.674922 41.912355, -87.6773 41.91464, -87.6793 41.915696))","[{17031241200: 0.00491395129978254, 17031241300: 0.09486893281783368, 17031240500: 0.6044322655115856, 17031240300: 0.35203918552339386, 17031831000: 0.4348142934165567, 17031222200: 0.23372479032906057, 17031832200: 0.04115798099807553, 17031241400: 0.06069077257048057, 17031241500: 0.016859223697442253}]"
13,Budlong Woods,"(41.98369797603738, -87.69631576617253)",41.98369797603738,-87.69631576617253,"POLYGON ((-87.695316 41.987361, -87.696316 41.987177, -87.697316 41.987602, -87.700203 41.986586, -87.700871 41.984698, -87.69951 41.983698, -87.699285 41.982698, -87.695316 41.98109, -87.694316 41.98031, -87.69247 41.980852, -87.691147 41.982698, -87.692923 41.985698, -87.695316 41.987361))","[{17031040300: 0.0009743576301813934, 17031020701: 0.05844732583833662, 17031040202: 0.21567480687655735, 17031020801: 0.36889542417794097}]"
14,Canaryville,"(41.81634394084193, -87.64256827550598)",41.81634394084193,-87.64256827550598,"POLYGON ((-87.640568 41.819365, -87.643568 41.819929, -87.645568 41.818575, -87.646366 41.817141, -87.647546 41.816344, -87.646319 41.815593, -87.645568 41.814057, -87.643568 41.812686, -87.640568 41.8135, -87.637193 41.816344, -87.640568 41.819365))","[{17031610800: 0.16830154088641575, 17031842600: 0.09665575103604056}]"
15,Chicago Bee,"(41.82824306445502, -87.6263495444489)",41.82824306445502,-87.6263495444489,"POLYGON ((-87.62635 41.832414, -87.62935 41.830428, -87.629884 41.829243, -87.628562 41.82603, -87.62635 41.824146, -87.623093 41.826243, -87.621987 41.827243, -87.621987 41.82788, -87.622796 41.829797, -87.624405 41.831243, -87.625878 41.831715, -87.62635 41.832414))","[{17031340600: 0.03815329129090594, 17031351500: 0.7526579643256195, 17031351400: 0.631169390978046, 17031842000: 0.042162604630209724}]"
16,Chicago Lawn,"(41.7819767986214, -87.7033680880769)",41.7819767986214,-87.7033680880769,"POLYGON ((-87.703368 41.786151, -87.707768 41.782977, -87.708258 41.781977, -87.707819 41.780977, -87.703368 41.777727, -87.700106 41.779977, -87.699268 41.780977, -87.698802 41.782977, -87.703368 41.786151))","[{17031660500: 0.018512866874384155, 17031660400: 0.3349018648318937, 17031660600: 0.012037950883559393, 17031660301: 0.29238888264362, 17031660302: 0.3006385469148438}]"
17,Chinatown,"(41.85412074173438, -87.63195792246246)",41.85412074173438,-87.63195792246246,"POLYGON ((-87.631958 41.858219, -87.634135 41.857121, -87.637045 41.853121, -87.636356 41.851722, -87.634958 41.851113, -87.633958 41.851329, -87.631958 41.850177, -87.630696 41.850858, -87.629958 41.852504, -87.628958 41.852533, -87.628607 41.853769, -87.627276 41.855121, -87.627651 41.856427, -87.631958 41.858219))","[{17031841100: 0.30466347836079494, 17031330200: 0.1099847347945285, 17031841000: 0.0016867338494424668}]"
18,Clearing,"(41.776652677565934, -87.78218757614671)",41.776652677565934,-87.78218757614671,"POLYGON ((-87.781188 41.780164, -87.783188 41.779329, -87.784188 41.779824, -87.787034 41.777653, -87.787689 41.776653, -87.784188 41.77403, -87.781188 41.773375, -87.780188 41.773719, -87.776919 41.776653, -87.778575 41.778653, -87.781188 41.780164))","[{17031640500: 0.26213816988019545, 17031640400: 0.062356394147613896, 17031640600: 0.16207319963928402, 17031640300: 0.03561310923669465}]"
19,Coleman,"(41.78028267185317, -87.60712228979007)",41.78028267185317,-87.60712228979007,"POLYGON ((-87.607122 41.784339, -87.611122 41.781752, -87.612331 41.780283, -87.611122 41.778853, -87.607122 41.776093, -87.606122 41.776467, -87.601619 41.780283, -87.602278 41.781283, -87.607122 41.784339))","[{17031420700: 0.24753470587872664, 17031420800: 0.22238976868102542, 17031420600: 0.05003528379514227, 17031420500: 0.5419573239933971, 17031420400: 0.2879425698961562}]"
20,"Daley, Richard J. - Bridgeport","(41.8327976771251, -87.64629980794813)",41.8327976771251,-87.64629980794813,"POLYGON ((-87.6463 41.836965, -87.6473 41.836588, -87.6513 41.833304, -87.651436 41.832661, -87.651044 41.831798, -87.6463 41.82869, -87.64298 41.830798, -87.642824 41.833798, -87.643009 41.834798, -87.6463 41.836965))","[{17031839900: 0.05194257044516332, 17031839800: 0.26326261998252, 17031839700: 0.3993819429852285, 17031600900: 0.09797786287565124}]"
21,"Daley, Richard M. - W. Humboldt","(41.894726658545295, -87.7063841773407)",41.894726658545295,-87.7063841773407,"POLYGON ((-87.706384 41.898901, -87.707147 41.89849, -87.707363 41.897705, -87.709384 41.89698, -87.71086 41.895727, -87.709987 41.893124, -87.706384 41.890636, -87.703938 41.892281, -87.702049 41.895727, -87.704384 41.897053, -87.705091 41.896434, -87.705593 41.896518, -87.705765 41.898346, -87.706384 41.898901))","[{17031836700: 0.20405259455973943, 17031242700: 0.0012219625064400692, 17031836600: 0.1916146850299706}]"
22,Douglass,"(41.86441239309047, -87.71017465670012)",41.86441239309047,-87.71017465670012,"POLYGON ((-87.709175 41.867691, -87.710175 41.868332, -87.711175 41.868214, -87.714832 41.865412, -87.714953 41.864412, -87.71346 41.862412, -87.710175 41.860537, -87.706909 41.862412, -87.704774 41.864412, -87.705175 41.865245, -87.706175 41.865211, -87.706851 41.866412, -87.709175 41.867691))","[{17031843100: 0.007789623411223714, 17031841500: 0.44711889425183454, 17031291200: 0.5030908222588639, 17031843000: 0.06458174032348862}]"
23,Dunning,"(41.94319949471892, -87.81395164414246)",41.94319949471892,-87.81395164414246,"POLYGON ((-87.812952 41.946718, -87.813952 41.94717, -87.815952 41.946339, -87.81955 41.943199, -87.813952 41.939267, -87.81099 41.941199, -87.810214 41.942462, -87.808952 41.942695, -87.808437 41.943199, -87.810411 41.945199, -87.812952 41.946718))","[{17031170700: 0.03249665670313511, 17031170800: 0.47075828878415765, 17031170400: 0.0944264857790555}]"
24,Edgebrook,"(41.997213372156295, -87.76211751799003)",41.997213372156295,-87.76211751799003,"POLYGON ((-87.760118 42.000624, -87.761069 42.000165, -87.763118 42.000319, -87.765932 41.999028, -87.766761 41.998213, -87.767381 41.997213, -87.766045 41.996286, -87.764773 41.994558, -87.761795 41.994536, -87.761118 41.994104, -87.759118 41.995111, -87.758074 41.995213, -87.75793 41.996213, -87.756636 41.997213, -87.758586 41.999745, -87.760118 42.000624))","[{17031120200: 0.1581376389420088, 17031120100: 0.015714884919792376}]"
25,Edgewater,"(41.99095923823291, -87.660442745415)",41.99095923823291,-87.660442745415,"POLYGON ((-87.660443 41.995021, -87.66588 41.990959, -87.665382 41.989959, -87.660443 41.986901, -87.658443 41.987963, -87.656144 41.989959, -87.657052 41.990959, -87.656792 41.991959, -87.657427 41.992959, -87.660443 41.995021))","[{17031030603: 0.0040043209518199644, 17031030500: 0.17820871162909654, 17031030601: 0.44587599382565735, 17031030101: 0.5882219835369484, 17031030102: 0.3552471250507617, 17031030200: 0.1794760270424576, 17031030103: 0.014523593321302654}]"
26,Gage Park,"(41.79357525220078, -87.69413004003073)",41.79357525220078,-87.69413004003073,"POLYGON ((-87.69413 41.797732, -87.698434 41.794879, -87.699568 41.793575, -87.69413 41.789747, -87.691051 41.791496, -87.688612 41.793575, -87.689218 41.794575, -87.69413 41.797732))","[{17031630800: 0.17197705707076488, 17031835100: 0.1014529063491679, 17031630400: 0.1858942424159229, 17031630500: 0.15431002483704773}]"
27,Galewood-Mont Clare,"(41.9210332601157, -87.79791005523576)",41.9210332601157,-87.79791005523576,"POLYGON ((-87.79791 41.924164, -87.79891 41.924532, -87.801156 41.923033, -87.801594 41.922033, -87.800988 41.921033, -87.801914 41.920033, -87.79891 41.917584, -87.796036 41.919159, -87.79591 41.919617, -87.795756 41.919187, -87.79491 41.919121, -87.792869 41.921033, -87.79491 41.922909, -87.79591 41.922535, -87.79791 41.924164))","[{17031250500: 0.05977947222381393, 17031831600: 0.1396991146740666}]"
28,Garfield Ridge,"(41.792915800399726, -87.78013459023622)",41.792915800399726,-87.78013459023622,"POLYGON ((-87.778135 41.796127, -87.779135 41.796845, -87.780135 41.796386, -87.781135 41.796735, -87.784829 41.792916, -87.785221 41.791916, -87.782135 41.789776, -87.780135 41.790507, -87.779135 41.790083, -87.775834 41.791916, -87.774745 41.793916, -87.778135 41.796127))","[{17031561000: 0.03762489885775692, 17031560900: 0.045219707118101, 17031561100: 0.07217589019043368, 17031560800: 0.16508268917662366}]"
29,Greater Grand Crossing,"(41.76239541819689, -87.60051216643727)",41.76239541819689,-87.60051216643727,"POLYGON ((-87.600512 41.76668, -87.604278 41.765161, -87.604635 41.763518, -87.605636 41.762395, -87.60498 41.761395, -87.603512 41.760875, -87.601512 41.761596, -87.600907 41.761001, -87.599346 41.760562, -87.598512 41.759029, -87.596512 41.759324, -87.595197 41.762395, -87.595512 41.762988, -87.600512 41.76668))","[{17031690900: 0.0003871054820246009, 17031841800: 0.25345987096761574}]"
30,Hall,"(41.807377846345496, -87.62263720177272)",41.807377846345496,-87.62263720177272,"POLYGON ((-87.622637 41.811476, -87.623432 41.810172, -87.624637 41.810255, -87.626899 41.80864, -87.627266 41.806378, -87.622637 41.803198, -87.620637 41.804323, -87.617321 41.807378, -87.617723 41.808292, -87.622637 41.811476))","[{17031381800: 0.2629698732660429, 17031381700: 0.14863035375026018, 17031381400: 0.8240398075427435, 17031381500: 0.5531030787526836, 17031835800: 0.015301321284278864, 17031844600: 0.0031193255779168316}]"
31,Harold Washington Library Center,"(41.87686252958797, -87.62779697013237)",41.87686252958797,-87.62779697013237,"POLYGON ((-87.627797 41.881013, -87.629892 41.879863, -87.633166 41.876863, -87.629797 41.873885, -87.627797 41.872682, -87.626797 41.87295, -87.623146 41.875863, -87.622792 41.876863, -87.623797 41.878398, -87.627797 41.881013))","[{17031839000: 0.058562246961134996, 17031839100: 0.17649488788807025, 17031320600: 0.036468280723080414, 17031320400: 0.24685164734496393}]"
32,Hegewisch,"(41.65927659861025, -87.54881978393514)",41.65927659861025,-87.54881978393514,"POLYGON ((-87.54982 41.662803, -87.554237 41.659277, -87.55347 41.658277, -87.55166 41.657436, -87.54982 41.655639, -87.54882 41.655459, -87.548017 41.656473, -87.54682 41.656387, -87.543701 41.658277, -87.544428 41.659669, -87.54582 41.659983, -87.54682 41.660981, -87.547991 41.661106, -87.54982 41.662803))","[{17031550200: 0.029904483870024964, 17031550100: 0.023835411966612867, 17031838800: 0.0007321213753115538}]"
33,Humboldt Park,"(41.910332307504966, -87.70551941016132)",41.910332307504966,-87.70551941016132,"POLYGON ((-87.704519 41.913723, -87.705519 41.914248, -87.706519 41.913875, -87.708671 41.912484, -87.710834 41.910332, -87.708519 41.908005, -87.706519 41.907035, -87.704519 41.907745, -87.7035 41.907332, -87.70317 41.908332, -87.702519 41.908732, -87.701519 41.908675, -87.700298 41.910332, -87.701101 41.911332, -87.704519 41.913723))","[{17031230900: 0.12373754380734009, 17031230200: 0.35684821767122826, 17031240900: 0.12632538561276802, 17031240800: 0.09114172791288423, 17031230100: 0.8490520504310106, 17031222600: 0.02173127944664607}]"
34,Independence,"(41.95413885986087, -87.7200155607629)",41.95413885986087,-87.7200155607629,"POLYGON ((-87.719016 41.957201, -87.720016 41.956912, -87.722016 41.957973, -87.723823 41.957139, -87.724118 41.954139, -87.723327 41.952827, -87.719016 41.950416, -87.716124 41.951247, -87.714589 41.954139, -87.718016 41.956961, -87.719016 41.957201))","[{17031160900: 0.18714300072757106, 17031160800: 0.08903366079839942, 17031160502: 0.161273156912949, 17031160400: 0.30691219661404506}]"
35,Jefferson Park,"(41.96750826032374, -87.76176748220928)",41.96750826032374,-87.76176748220928,"POLYGON ((-87.761767 41.970621, -87.763003 41.970744, -87.764767 41.970255, -87.765869 41.969508, -87.767333 41.967508, -87.765211 41.965508, -87.762767 41.964104, -87.76114 41.96488, -87.758182 41.964923, -87.757427 41.966508, -87.756083 41.967508, -87.758104 41.969508, -87.761767 41.970621))","[{17031150300: 0.17384402643008792, 17031150200: 0.010656983698055872, 17031110502: 0.3041722263096341}]"
36,Jeffery Manor,"(41.71340053892868, -87.56573413765888)",41.71340053892868,-87.56573413765888,"POLYGON ((-87.565734 41.717417, -87.566734 41.71717, -87.570545 41.714401, -87.571225 41.713401, -87.566734 41.709546, -87.565734 41.709153, -87.560569 41.713401, -87.561734 41.714856, -87.565734 41.717417))","[{17031510200: 0.10290316378747179, 17031510300: 0.10798222704438953}]"
37,Kelly,"(41.78202569697298, -87.63738794358196)",41.78202569697298,-87.63738794358196,"POLYGON ((-87.637388 41.786028, -87.641388 41.783581, -87.642555 41.782026, -87.640928 41.780026, -87.637388 41.778067, -87.634996 41.779634, -87.634594 41.782232, -87.633137 41.783026, -87.637388 41.786028))","[{17031680900: 0.05642707274113446, 17031834800: 0.09355473664721124, 17031834600: 0.1749175325301323}]"
38,King,"(41.83175130060517, -87.61747228078738)",41.83175130060517,-87.61747228078738,"POLYGON ((-87.616472 41.835235, -87.617472 41.835703, -87.618472 41.835608, -87.619472 41.833479, -87.621666 41.831751, -87.622142 41.830751, -87.617472 41.82777, -87.616472 41.8282, -87.615472 41.829833, -87.614472 41.82986, -87.613029 41.830751, -87.612934 41.831751, -87.615202 41.832751, -87.61456 41.833751, -87.616472 41.835235))","[{17031351400: 0.004076648685711744, 17031839600: 0.28994911368025256, 17031351100: 0.1521932883591163, 17031351000: 0.11038052237284161, 17031842000: 0.0008498042345198218, 17031839500: 0.4759318841490327}]"
39,Legler Regional,"(41.87934542742433, -87.72547641315548)",41.87934542742433,-87.72547641315548,"POLYGON ((-87.725476 41.883534, -87.728476 41.881814, -87.730446 41.879345, -87.730266 41.878345, -87.725476 41.875206, -87.721245 41.878114, -87.720486 41.879345, -87.720725 41.880345, -87.725476 41.883534))","[{17031270500: 0.00424193439325651, 17031260700: 0.5002633708701094, 17031260800: 0.5273684290772496, 17031260200: 0.16182385012097686, 17031260100: 0.18097655324744105}]"
40,Lincoln Belmont,"(41.94046531149621, -87.67102536129381)",41.94046531149621,-87.67102536129381,"POLYGON ((-87.670025 41.943963, -87.671025 41.944461, -87.672025 41.944387, -87.67625 41.940465, -87.671025 41.936397, -87.666943 41.938383, -87.666298 41.939465, -87.666943 41.941465, -87.670025 41.943963))","[{17031051200: 0.3008395637942018, 17031051300: 0.03368396545160766, 17031062600: 0.3361914366043795, 17031062700: 0.09693327194552688, 17031062500: 0.9912741218331719, 17031062400: 0.2737109518027255, 17031831900: 0.08261782034098432}]"
41,Lincoln Park,"(41.92540663614013, -87.65806218385674)",41.92540663614013,-87.65806218385674,"POLYGON ((-87.657062 41.928499, -87.658062 41.929256, -87.659062 41.929153, -87.663397 41.925407, -87.660063 41.922405, -87.658062 41.921538, -87.655962 41.922407, -87.652675 41.925407, -87.655062 41.927481, -87.657062 41.928499))","[{17031832500: 0.11643454312299516, 17031071100: 0.010403592380771223, 17031071000: 0.35960438924104876, 17031070600: 9.181081439807243e-05, 17031070500: 0.328644648725752, 17031070400: 0.3642367017851824, 17031070300: 0.011738013171799557}]"
42,Little Italy,"(41.86946341218242, -87.66072612668584)",41.86946341218242,-87.66072612668584,"POLYGON ((-87.659726 41.872999, -87.661726 41.872914, -87.664985 41.870722, -87.666138 41.869463, -87.664956 41.868234, -87.662912 41.867463, -87.662695 41.866494, -87.661726 41.866032, -87.658726 41.866455, -87.656726 41.867871, -87.655389 41.869463, -87.656109 41.870463, -87.659726 41.872999))","[{17031842900: 0.012158595132420185, 17031283100: 0.6269080552699137, 17031283200: 0.932294310581063, 17031833300: 0.043762151303117544, 17031832900: 0.07126737029457213}]"
43,Little Village,"(41.84959155873184, -87.70504118331108)",41.84959155873184,-87.70504118331108,"POLYGON ((-87.705041 41.853709, -87.708041 41.851844, -87.70995 41.849592, -87.70871 41.848592, -87.708323 41.847592, -87.705041 41.845519, -87.703131 41.846681, -87.700116 41.849592, -87.700411 41.850592, -87.705041 41.853709))","[{17031301100: 0.0030788726702002892, 17031843100: 0.0002109269075205399, 17031300800: 0.5386627715035897, 17031300900: 0.5915899652747284, 17031841700: 0.20073159320574077}]"
44,Logan Square,"(41.924860376546214, -87.7035190503226)",41.924860376546214,-87.7035190503226,"POLYGON ((-87.702519 41.928201, -87.705519 41.927021, -87.706519 41.927358, -87.707519 41.927016, -87.708869 41.92486, -87.706618 41.922762, -87.702519 41.921648, -87.698534 41.92386, -87.698185 41.92486, -87.699519 41.926249, -87.700519 41.926321, -87.702519 41.928201))","[{17031221100: 0.022296322317480893, 17031221300: 0.20796144929099739, 17031221200: 0.33871003627001456, 17031220601: 0.07003326139273773, 17031220500: 0.3793760628280714, 17031220602: 0.0006696899080073976, 17031220400: 0.1949368612419978}]"
45,Lozano,"(41.857601233304614, -87.66116376475367)",41.857601233304614,-87.66116376475367,"POLYGON ((-87.658164 41.860741, -87.659164 41.861211, -87.660164 41.860431, -87.661164 41.861547, -87.662139 41.860576, -87.664297 41.859734, -87.665405 41.858601, -87.666164 41.857601, -87.665177 41.856601, -87.665453 41.855601, -87.664164 41.854199, -87.661164 41.853574, -87.657982 41.855601, -87.656087 41.857601, -87.658164 41.860741))","[{17031310500: 0.007593143521387919, 17031310800: 2.737472580746878e-05, 17031310700: 0.47769737867821316, 17031310600: 0.6046069912735564, 17031842900: 0.026702146657897777}]"
46,Manning,"(41.88108555559726, -87.67923504553734)",41.88108555559726,-87.67923504553734,"POLYGON ((-87.678235 41.88431, -87.679235 41.885054, -87.683639 41.882086, -87.684499 41.881086, -87.682235 41.878878, -87.680221 41.8781, -87.679235 41.877151, -87.678235 41.877251, -87.676235 41.878698, -87.674875 41.880725, -87.673967 41.881086, -87.676235 41.883445, -87.678235 41.88431))","[{17031838000: 0.36312809161932824, 17031838100: 0.07285926437224519, 17031280400: 0.004079170577011738, 17031280900: 0.014428827008464368, 17031837800: 0.16893595671554376}]"
47,Mayfair,"(41.968242773953044, -87.737968778247)",41.968242773953044,-87.737968778247,"POLYGON ((-87.737969 41.972483, -87.742339 41.969613, -87.74298 41.968243, -87.741709 41.967503, -87.741028 41.966183, -87.738969 41.964929, -87.736969 41.96435, -87.735555 41.964829, -87.732495 41.968243, -87.737969 41.972483))","[{17031160200: 0.03740264802597957, 17031160100: 0.13962860823876905, 17031140500: 0.21456581433222807, 17031140400: 0.1980182797116682}]"
48,McKinley Park,"(41.83030074817219, -87.67349098124289)",41.83030074817219,-87.67349098124289,"POLYGON ((-87.672491 41.833416, -87.675491 41.833174, -87.678791 41.830301, -87.674491 41.826575, -87.672491 41.826611, -87.668079 41.830301, -87.66871 41.831301, -87.672491 41.833416))","[{17031590500: 0.07258905487977034, 17031590600: 0.46387745066582975, 17031590700: 0.02666535200527456, 17031840400: 0.1442432350906513, 17031840300: 0.055611312081333436}]"
49,Merlo,"(41.940131637508564, -87.64602857926714)",41.940131637508564,-87.64602857926714,"POLYGON ((-87.644029 41.94315, -87.645029 41.943171, -87.647353 41.941132, -87.648185 41.940975, -87.649029 41.941838, -87.651384 41.940132, -87.649029 41.938241, -87.648029 41.938452, -87.647318 41.937842, -87.645029 41.937658, -87.644029 41.937006, -87.643231 41.938334, -87.641447 41.939132, -87.640643 41.940132, -87.644029 41.94315))","[{17031063000: 0.04284995130099621, 17031063100: 0.5926228382449459, 17031063200: 0.13897003371120883, 17031062100: 0.07191273436763655, 17031062000: 0.3792799662414967, 17031061901: 0.33667436777743037, 17031061902: 0.02549764722027656}]"
50,Mount Greenwood,"(41.693015814018004, -87.70102477600602)",41.693015814018004,-87.70102477600602,"POLYGON ((-87.701025 41.697284, -87.703423 41.695016, -87.702025 41.694427, -87.701898 41.693889, -87.704609 41.6936, -87.705796 41.693016, -87.704621 41.692016, -87.704368 41.691016, -87.702025 41.689776, -87.701025 41.688754, -87.697562 41.691016, -87.697198 41.692016, -87.698025 41.6927, -87.699299 41.692742, -87.699441 41.694016, -87.69844 41.695016, -87.700025 41.696866, -87.701025 41.697284))","[{17031740400: 0.018834653872404707, 17031740300: 0.0963664086867634, 17031740100: 0.17074701524023025}]"
51,Near North,"(41.90393142178499, -87.63660775555267)",41.90393142178499,-87.63660775555267,"POLYGON ((-87.633608 41.905997, -87.634608 41.90656, -87.636608 41.905234, -87.637288 41.906251, -87.638608 41.906909, -87.641021 41.905344, -87.642061 41.903931, -87.640904 41.902635, -87.639246 41.902293, -87.638608 41.900947, -87.637608 41.900337, -87.636608 41.900625, -87.635608 41.901589, -87.634608 41.901295, -87.632608 41.90253, -87.631312 41.903931, -87.633608 41.905997))","[{17031081000: 0.1334487067135271, 17031838300: 0.42712364266330743, 17031080202: 0.08268597935154418, 17031080400: 0.2029766247761177, 17031080300: 0.3060445069750011}]"
52,North Austin,"(41.909444834238485, -87.76898326931509)",41.909444834238485,-87.76898326931509,"POLYGON ((-87.767983 41.912654, -87.770807 41.912445, -87.774291 41.909445, -87.772983 41.908052, -87.768983 41.905833, -87.767983 41.905846, -87.765983 41.907198, -87.763661 41.909445, -87.766983 41.912361, -87.767983 41.912654))","[{17031250600: 0.2792539293306836, 17031250700: 0.030636112152846014, 17031250400: 0.1502799099264924, 17031250300: 0.02553184655186447}]"
53,North Pulaski,"(41.90989766464456, -87.73376822625004)",41.90989766464456,-87.73376822625004,"POLYGON ((-87.732768 41.913442, -87.733768 41.913547, -87.737768 41.911778, -87.739112 41.909898, -87.736768 41.907674, -87.733768 41.905857, -87.730859 41.906988, -87.72839 41.909898, -87.732768 41.913442))","[{17031230600: 0.22288535020957304, 17031230500: 0.43632159781938956}]"
54,Northtown,"(42.00507612272344, -87.69021903022175)",42.00507612272344,-87.69021903022175,"POLYGON ((-87.690219 42.009268, -87.691219 42.008925, -87.695445 42.005076, -87.694887 42.004076, -87.690219 42.000982, -87.687177 42.003034, -87.686467 42.004324, -87.685004 42.005076, -87.685667 42.006076, -87.690219 42.009268))","[{17031020500: 0.12000934464907084, 17031020302: 0.18745809883761785, 17031020400: 0.19480500343480422, 17031020602: 0.23345914994363656}]"
55,Oriole Park,"(41.978098111742476, -87.81420029973704)",41.978098111742476,-87.81420029973704,"POLYGON ((-87.8142 41.981843, -87.815082 41.98098, -87.8172 41.980573, -87.817927 41.979098, -87.819088 41.978098, -87.818485 41.977098, -87.8142 41.973948, -87.8122 41.975122, -87.8102 41.97703, -87.809239 41.977137, -87.810058 41.979098, -87.8142 41.981843))","[{17031770901: 0.0021792870416529582, 17031100500: 0.2057244244680223}]"
56,Portage-Cragin,"(41.93883597361448, -87.75467117455794)",41.93883597361448,-87.75467117455794,"POLYGON ((-87.753671 41.942353, -87.754671 41.94263, -87.759891 41.938836, -87.758222 41.936836, -87.753671 41.934842, -87.749145 41.938836, -87.753671 41.942353))","[{17031190300: 0.06798097587601695, 17031190200: 0.2557225268394995, 17031151100: 0.05731488017118714, 17031151001: 0.4357018298585705, 17031151002: 0.042455156514124}]"
57,Pullman,"(41.69436481773882, -87.6181414059763)",41.69436481773882,-87.6181414059763,"POLYGON ((-87.618141 41.696847, -87.619141 41.694595, -87.620654 41.693365, -87.620901 41.692365, -87.618141 41.690096, -87.617141 41.690397, -87.614725 41.692365, -87.616292 41.693516, -87.613652 41.694365, -87.615852 41.695654, -87.61745 41.696057, -87.618141 41.696847))","[{17031491400: 0.10412963400593088, 17031490901: 0.16586291050660731}]"
58,Roden,"(41.99199760467718, -87.79820642998901)",41.99199760467718,-87.79820642998901,"POLYGON ((-87.798206 41.995358, -87.800206 41.994391, -87.802458 41.994249, -87.802195 41.990998, -87.800622 41.989582, -87.797206 41.989734, -87.794206 41.989329, -87.793822 41.989998, -87.794461 41.993743, -87.796206 41.994771, -87.797206 41.993753, -87.797581 41.994998, -87.798206 41.995358))","[{17031100300: 0.04704725158057933, 17031100200: 0.1211133954938353}]"
59,Rogers Park,"(42.00682227244734, -87.67330813329413)",42.00682227244734,-87.67330813329413,"POLYGON ((-87.672308 42.010155, -87.674308 42.010753, -87.675308 42.010309, -87.678206 42.006822, -87.676482 42.004649, -87.672308 42.002751, -87.671308 42.003155, -87.668085 42.006822, -87.672308 42.010155))","[{17031010701: 0.18390341256169493, 17031830600: 0.14764825728462944, 17031010600: 0.07696855035293869, 17031010702: 0.6280584504814564}]"
60,Scottsdale,"(41.74928543110801, -87.72440869132882)",41.74928543110801,-87.72440869132882,"POLYGON ((-87.722409 41.752482, -87.725866 41.752285, -87.727207 41.750084, -87.729513 41.749285, -87.725578 41.746116, -87.722421 41.746285, -87.722409 41.747307, -87.721409 41.746968, -87.720768 41.748645, -87.718931 41.749285, -87.722409 41.752482))","[{17031700401: 0.0201670837460895, 17031700301: 0.10886890005332545, 17031700200: 0.12108417609924414}]"
61,Sherman Park,"(41.79476901885989, -87.65502837616037)",41.79476901885989,-87.65502837616037,"POLYGON ((-87.655028 41.798992, -87.656391 41.798131, -87.656863 41.795604, -87.659028 41.795381, -87.659939 41.793769, -87.655028 41.790832, -87.650327 41.793769, -87.650379 41.794769, -87.653028 41.796502, -87.655028 41.798992))","[{17031670200: 0.001535528777162381, 17031670100: 0.27012180046875595, 17031680500: 0.23463936514372705, 17031611900: 0.15783626968466527, 17031612000: 0.2946130633015697}]"
62,South Chicago,"(41.73029771500594, -87.54972658730712)",41.73029771500594,-87.54972658730712,"POLYGON ((-87.549727 41.734466, -87.553043 41.732298, -87.553641 41.731212, -87.554888 41.730298, -87.551727 41.727298, -87.549727 41.726235, -87.546727 41.728168, -87.54453 41.730298, -87.54645 41.732298, -87.548038 41.732987, -87.549727 41.734466))","[{17031461000: 0.317430163298821, 17031833900: 0.32247412487945476, 17031460800: 0.00934759836380985}]"
63,South Shore,"(41.76254141905116, -87.56387694448408)",41.76254141905116,-87.56387694448408,"POLYGON ((-87.564877 41.765708, -87.5662 41.765864, -87.568878 41.762541, -87.566877 41.760338, -87.564877 41.759047, -87.562877 41.758527, -87.560586 41.759541, -87.559577 41.764541, -87.560877 41.765039, -87.561877 41.764508, -87.562877 41.765248, -87.564877 41.765708))","[{17031431400: 0.07233988777836378, 17031431302: 0.3554843312175511, 17031430800: 0.09657785654906144, 17031430600: 0.09479824211317572, 17031430700: 0.6938697366296006}]"
64,Sulzer Regional,"(41.962966859427524, -87.68469465366664)",41.962966859427524,-87.68469465366664,"POLYGON ((-87.683695 41.966336, -87.68556 41.966102, -87.686695 41.966728, -87.68726 41.966532, -87.689931 41.962967, -87.68807 41.960967, -87.683695 41.95907, -87.682695 41.959262, -87.680952 41.960967, -87.681649 41.961967, -87.680009 41.962967, -87.68055 41.963967, -87.683695 41.966336))","[{17031050200: 0.1457336278176092, 17031040800: 0.06917663550998432, 17031040900: 0.8014132547160663, 17031040600: 0.2001225137562273}]"
65,Thurgood Marshall,"(41.757343880012456, -87.6540643783153)",41.757343880012456,-87.6540643783153,"POLYGON ((-87.654064 41.761603, -87.656012 41.760344, -87.657064 41.759083, -87.657224 41.758184, -87.655939 41.757218, -87.657543 41.756344, -87.657091 41.755318, -87.654064 41.753143, -87.651064 41.754966, -87.648737 41.757344, -87.649064 41.757867, -87.650384 41.758024, -87.651064 41.759941, -87.654064 41.761603))","[{17031671800: 0.24341878140495887, 17031710200: 0.31983847927883524, 17031681400: 0.13146545101450938}]"
66,Toman,"(41.842086096760674, -87.72463965526215)",41.842086096760674,-87.72463965526215,"POLYGON ((-87.72464 41.846298, -87.729075 41.843086, -87.729367 41.842086, -87.728016 41.841086, -87.727874 41.840086, -87.72464 41.837844, -87.722051 41.839497, -87.719709 41.842086, -87.72164 41.844511, -87.72464 41.846298))","[{17031301702: 0.1370802102182996, 17031301803: 0.3481968815157504, 17031301701: 0.41041902363101396, 17031301802: 0.28489598080837264, 17031300500: 0.11289393112424327}]"
67,Uptown,"(41.95832305807637, -87.65424744448335)",41.95832305807637,-87.65424744448335,"POLYGON ((-87.654247 41.962324, -87.655247 41.962185, -87.657515 41.960323, -87.657947 41.958323, -87.657431 41.95614, -87.655078 41.955493, -87.654247 41.954539, -87.653247 41.955327, -87.651235 41.955311, -87.650279 41.957323, -87.648828 41.958323, -87.649524 41.959046, -87.653247 41.960863, -87.654247 41.962324))","[{17031031400: 0.004945687327683052, 17031032100: 0.7129626267706344, 17031830700: 0.07780578206032499, 17031031502: 0.020198210960392825}]"
68,Vodak-East Side,"(41.70283443594318, -87.61428978448026)",41.70283443594318,-87.61428978448026,"POLYGON ((-87.61329 41.706596, -87.61529 41.706618, -87.618563 41.703834, -87.617714 41.702834, -87.618338 41.701882, -87.61791 41.701214, -87.61529 41.699302, -87.61329 41.699064, -87.610304 41.701834, -87.611048 41.702834, -87.610049 41.703834, -87.61329 41.706596))","[{17031490901: 0.009791567624763024, 17031490902: 0.3271518777293179}]"
69,Walker,"(41.69198346617567, -87.6739093032301)",41.69198346617567,-87.6739093032301,"POLYGON ((-87.673909 41.695906, -87.674668 41.694742, -87.67819 41.693264, -87.679749 41.691983, -87.677063 41.68983, -87.675909 41.689599, -87.674909 41.688152, -87.673042 41.689116, -87.671846 41.68892, -87.6683 41.690983, -87.669115 41.693983, -87.669909 41.694497, -87.671909 41.694841, -87.672909 41.694273, -87.673909 41.695906))","[{17031750500: 0.08789280364801128, 17031750200: 0.1728105027478657}]"
70,Water Works,"(41.897484072390675, -87.62337776811282)",41.897484072390675,-87.62337776811282,"POLYGON ((-87.622378 41.900519, -87.624378 41.9011, -87.627378 41.899389, -87.628575 41.897484, -87.627937 41.896484, -87.624378 41.893858, -87.620949 41.895055, -87.618632 41.896484, -87.617936 41.897484, -87.621378 41.900467, -87.622378 41.900519))","[{17031081500: 0.18104234060395727, 17031081401: 0.3263474539112047, 17031081300: 0.7423678348298517, 17031081201: 0.6618143769803215, 17031081100: 0.017741319172011355, 17031081202: 0.07872144179513746}]"
71,West Belmont,"(41.9366521886413, -87.78602401236114)",41.9366521886413,-87.78602401236114,"POLYGON ((-87.786024 41.940932, -87.790936 41.936652, -87.788024 41.933788, -87.786024 41.932448, -87.782437 41.934652, -87.782251 41.935879, -87.781024 41.935861, -87.780305 41.936652, -87.782213 41.938652, -87.786024 41.940932))","[{17031831500: 0.17953962249238606, 17031180100: 0.00046273965272788936, 17031190401: 0.2794251637765243, 17031171000: 0.0249991385565777, 17031171100: 0.079814516614237}]"
72,West Chicago Avenue,"(41.8950961032908, -87.74806072822989)",41.8950961032908,-87.74806072822989,"POLYGON ((-87.748061 41.899156, -87.751061 41.897352, -87.753404 41.895096, -87.75132 41.893096, -87.748061 41.891285, -87.743358 41.894096, -87.742692 41.895096, -87.748061 41.899156))","[{17031251600: 0.19888255114465211, 17031251700: 0.22176159995763461, 17031251100: 0.21936022016272125, 17031251000: 0.24315458795102043}]"
73,West Englewood,"(41.77928203936906, -87.66843344429459)",41.77928203936906,-87.66843344429459,"POLYGON ((-87.667433 41.78261, -87.669433 41.78295, -87.671433 41.781133, -87.673158 41.780282, -87.673724 41.779282, -87.669433 41.775571, -87.667433 41.775642, -87.663104 41.779282, -87.664433 41.780756, -87.667433 41.78261))","[{17031671300: 0.18532493957512852, 17031671200: 0.5255757261978133, 17031671100: 0.026762406891514504, 17031670600: 0.25781861987437943, 17031670700: 0.3566672682096888, 17031670800: 0.014191374183627347}]"
74,West Lawn,"(41.77875389246921, -87.72374295317714)",41.77875389246921,-87.72374295317714,"POLYGON ((-87.723743 41.782822, -87.724743 41.782508, -87.729153 41.778754, -87.728479 41.777754, -87.723743 41.774693, -87.72179 41.775754, -87.718355 41.778754, -87.720743 41.780369, -87.721816 41.779681, -87.721761 41.781736, -87.723743 41.782822))","[{17031650301: 0.14378213554733127, 17031650302: 0.10977936453214675, 17031650200: 0.15454176124704394, 17031650100: 0.09463369677175472}]"
75,West Loop,"(41.8837105009142, -87.6545650515331)",41.8837105009142,-87.6545650515331,"POLYGON ((-87.653565 41.886995, -87.654565 41.887616, -87.656449 41.886594, -87.658963 41.884711, -87.65933 41.883711, -87.659062 41.882711, -87.657439 41.881836, -87.656459 41.880711, -87.654565 41.879809, -87.651565 41.881387, -87.649981 41.882711, -87.649701 41.883711, -87.649761 41.884711, -87.653565 41.886995))","[{17031833100: 0.06436667576119344, 17031833000: 0.2830910049066297}]"
76,West Pullman,"(41.67790647382097, -87.6431683153105)",41.67790647382097,-87.6431683153105,"POLYGON ((-87.642168 41.681266, -87.645168 41.680612, -87.64613 41.679906, -87.646029 41.678767, -87.647168 41.679226, -87.648726 41.677906, -87.64691 41.677165, -87.646168 41.675966, -87.644168 41.674559, -87.643168 41.675427, -87.642168 41.674409, -87.640529 41.674906, -87.637786 41.677906, -87.642168 41.681266))","[{17031530400: 0.0918500236428569, 17031530501: 0.05756085610875302, 17031530300: 0.10653593298186369, 17031530200: 0.04973720560840618}]"
77,West Town,"(41.89594730478282, -87.66829305460979)",41.89594730478282,-87.66829305460979,"POLYGON ((-87.667293 41.899448, -87.670293 41.8991, -87.673724 41.895947, -87.670293 41.893183, -87.668293 41.892909, -87.667293 41.892349, -87.666129 41.892947, -87.663058 41.895947, -87.663594 41.896947, -87.667293 41.899448))","[{17031243100: 0.02980340076829326, 17031243300: 0.25087989482945233, 17031243200: 0.38377896242370607, 17031242200: 0.02889878472989352, 17031242100: 0.38637998198263956, 17031242000: 0.22798721503259536}]"
78,"Whitney M. Young, Jr.","(41.7510184591363, -87.61495065361933)",41.7510184591363,-87.61495065361933,"POLYGON ((-87.614951 41.75509, -87.616951 41.753945, -87.620271 41.751018, -87.61701 41.747959, -87.614951 41.746749, -87.611951 41.74879, -87.609605 41.751018, -87.610951 41.752601, -87.612951 41.753691, -87.613951 41.754805, -87.614951 41.75509))","[{17031440300: 0.09273338664328809, 17031691300: 0.16226495276206035, 17031440201: 0.22473318589876526, 17031691400: 0.1677890029378536}]"
79,Woodson Regional Library,"(41.720694885749005, -87.64304817213312)",41.720694885749005,-87.64304817213312,"POLYGON ((-87.643048 41.724733, -87.64744 41.721695, -87.646612 41.720695, -87.646229 41.718695, -87.643048 41.716556, -87.642048 41.716872, -87.639048 41.719467, -87.638511 41.721695, -87.643048 41.724733))","[{17031730500: 0.11148406556499087, 17031730100: 0.11673556678207628, 17031730202: 0.07376892316579226, 17031730400: 0.09123616707252634}]"
80,Wrightwood-Ashburn,"(41.73795704970435, -87.70221598421591)",41.73795704970435,-87.70221598421591,"POLYGON ((-87.702216 41.742195, -87.707581 41.737957, -87.706488 41.737685, -87.706216 41.736643, -87.704123 41.73605, -87.703926 41.734957, -87.702216 41.734075, -87.699155 41.735896, -87.700437 41.736737, -87.700382 41.738123, -87.699216 41.737871, -87.69795 41.738957, -87.702216 41.742195))","[{17031700402: 0.16789071495640318, 17031700401: 0.001647121007450219, 17031821600: 0.292634916201899, 17031700502: 0.0839164280554351, 17031700501: 6.371240184731695e-05}]"
